002A,T5622,S5624
002A,S5624,S3975
002A,S3975,S3974
002A,S3974,S5627
002A,S5627,S5628
002A,S5628,S5629
002A,S5629,S1069
002A,S1069,S5631
002A,S5631,T1442
002B,T1442,S5635
002B,S5635,S1189
002B,S1189,S3989
002B,S3989,S3986
002B,S3986,S1188
002B,S1188,S1187
002B,S1187,S5641
002B,S5641,S5642
002B,S5642,S5644
002B,S5644,T5622
003A,T5622,S5784
003A,S5784,S5785
003A,S5785,S5786
003A,S5786,S5788
003A,S5788,S5789
003A,S5789,S5790
003A,S5790,S5791
003A,S5791,S5793
003A,S5793,S5794
003A,S5794,S5795
003A,S5795,S5796
003A,S5796,T5797
003B,T5797,S5800
003B,S5800,S5801
003B,S5801,S5802
003B,S5802,S5803
003B,S5803,S5805
003B,S5805,S5807
003B,S5807,T5622
004A,T0,S5904
004A,S5904,S5905
004A,S5905,S5906
004A,S5906,S719
004A,S719,S5908
004A,S5908,T679
004B,T680,S5912
004B,S5912,S684
004B,S684,T0
005A,T0,S2
005A,S2,S3
005A,S3,S4
005A,S4,S5
005A,S5,S6
005A,S6,T7
005B,T7,S10
005B,S10,S11
005B,S11,S12
005B,S12,S13
005B,S13,S14
005B,S14,S15
005B,S15,S17
005B,S17,S19
005B,S19,T0
006A,T0,S6095
006A,S6095,S6097
006A,S6097,S6098
006A,S6098,S6099
006A,S6099,S6100
006A,S6100,S3630
006A,S3630,S6102
006A,S6102,S6104
006A,S6104,S6105
006A,S6105,T5548
006B,T5548,S6109
006B,S6109,S6110
006B,S6110,S6111
006B,S6111,S6112
006B,S6112,S6113
006B,S6113,S6115
006B,S6115,S6116
006B,S6116,S6117
006B,S6117,S732
006B,S732,S684
006B,S684,T0
007A,T0,S6144
007A,S6144,S696
007A,S696,S700
007A,S700,T702
007B,T702,S6150
007B,S6150,S6151
007B,S6151,S6153
007B,S6153,S6155
007B,S6155,S19
007B,S19,S3730
007B,S3730,T0
008A,T0,S6162
008A,S6162,S6164
008A,S6164,S6164
008A,S6164,S6165
008A,S6165,S6166
008A,S6166,S6167
008A,S6167,S725
008A,S725,S726
008A,S726,T6170
008B,T728,S5912
008B,S5912,S6173
008B,S6173,S6174
008B,S6174,T0
009A,T0,S5435
009A,S5435,S415
009A,S415,S417
009A,S417,S630
009A,S630,S6184
009A,S6184,S346
009A,S346,S6186
009A,S6186,S6188
009A,S6188,S635
009A,S635,S6190
009A,S6190,S6191
009A,S6191,S6192
009A,S6192,S6194
009A,S6194,S6195
009A,S6195,S6196
009A,S6196,S6197
009A,S6197,S6198
009A,S6198,S6200
009A,S6200,S6201
009A,S6201,S6202
009A,S6202,T6203
009B,T6203,S6206
009B,S6206,S6207
009B,S6207,S6208
009B,S6208,S352
009B,S352,S6211
009B,S6211,S6001
009B,S6001,S5357
009B,S5357,T0
010A,T0,S6219
010A,S6219,S415
010A,S415,S629
010A,S629,T3846
010B,T3846,S14
010B,S14,S15
010B,S15,S380
010B,S380,S6229
010B,S6229,S6231
010B,S6231,T0
011A,T20,S5870
011A,S5870,S5260
011A,S5260,S6238
011A,S6238,S6240
011A,S6240,S216
011A,S216,T1043
011B,T1043,S6246
011B,S6246,S6247
011B,S6247,T0
012A,T0,S1530
012A,S1530,S5259
012A,S5259,S5260
012A,S5260,S5262
012A,S5262,S5263
012A,S5263,S1527
012A,S1527,S216
012A,S216,T1325
012B,T3711,S5269
012B,S5269,S5271
012B,S5271,S32
012B,S32,S1535
012B,S1535,S34
012B,S34,T0
013A,T0,S5279
013A,S5279,S1530
013A,S1530,S1527
013A,S1527,S5283
013A,S5283,T1043
013B,T1596,S5288
013B,S5288,S5289
013B,S5289,S5290
013B,S5290,S5291
013B,S5291,S1535
013B,S1535,T5296
014A,T0,S853
014A,S853,S5300
014A,S5300,S216
014A,S216,S254
014A,S254,T1043
014B,T113,S5310
014B,S5310,S5312
014B,S5312,S5314
014B,S5314,S5315
014B,S5315,S1370
014B,S1370,S5318
014B,S5318,S5320
014B,S5320,S5321
014B,S5321,S5323
014B,S5323,T0
015A,T0,S5327
015A,S5327,S5328
015A,S5328,S5188
015A,S5188,S5331
015A,S5331,S5332
015A,S5332,S3284
015A,S3284,S5335
015A,S5335,S5336
015A,S5336,S5337
015A,S5337,S5338
015A,S5338,S5339
015A,S5339,S5340
015A,S5340,S5341
015A,S5341,S5342
015A,S5342,T5343
015B,T5344,S5346
015B,S5346,S5347
015B,S5347,S5078
015B,S5078,S5349
015B,S5349,S3288
015B,S3288,S5246
015B,S5246,S5246
015B,S5246,S5249
015B,S5249,S5355
015B,S5355,S5356
015B,S5356,S5357
015B,S5357,T0
016A,T0,S5361
016A,S5361,S5362
016A,S5362,S415
016A,S415,S417
016A,S417,S5368
016A,S5368,S345
016A,S345,T5371
016B,T5371,S352
016B,S352,S5375
016B,S5375,S14
016B,S14,S5378
016B,S5378,S380
016B,S380,S384
016B,S384,S5382
016B,S5382,S5384
016B,S5384,T0
017A,T0,S5389
017A,S5389,S3751
017A,S3751,S5392
017A,S5392,S4189
017A,S4189,S3565
017A,S3565,S4190
017A,S4190,S5398
017A,S5398,S5400
017A,S5400,S5401
017A,S5401,S99
017A,S99,S5403
017A,S5403,S5404
017A,S5404,S102
017A,S102,S5407
017B,T103,S879
017B,S879,S880
017B,S880,S3040
018A,T0,S2823
018A,S2823,S5416
018A,S5416,S5417
018A,S5417,S904
018A,S904,S5419
018A,S5419,S5420
018A,S5420,S5007
018A,S5007,S99
018A,S99,S5423
018A,S5423,S5424
018A,S5424,T103
018B,T103,S4179
018B,S4179,S3760
018B,S3760,S880
018B,S880,S881
018B,S881,T0
019A,T0,S5435
019A,S5435,S5435
019A,S5435,S414
019A,S414,S415
019A,S415,S630
019A,S630,S5441
019A,S5441,S346
019A,S346,S635
019A,S635,T638
019B,T638,S5448
019B,S5448,S5449
019B,S5449,S5450
019B,S5450,S352
019B,S352,S15
019B,S15,S5357
019B,S5357,T0
020A,T21,S5460
020A,S5460,S5260
020A,S5260,S465
020A,S465,S5283
020A,S5283,S217
020A,S217,S205
020A,S205,S206
020A,S206,S5468
020B,T225,S229
020B,S229,S5473
020B,S5473,S5474
020B,S5474,S241
020B,S241,S5476
020B,S5476,S5478
020B,S5478,S5479
021A,S5480,S5482
021A,S5482,S5483
021A,S5483,S5485
021A,S5485,S5331
021A,S5331,S5487
021A,S5487,S574
021A,S574,S3284
021A,S3284,S5491
021A,S5491,S5492
021A,S5492,S5338
021B,S5338,S5496
021B,S5496,S5246
021B,S5246,S5382
021B,S5382,S5502
021B,S5502,S5356
021B,S5356,S5505
021B,S5505,T0
023A,T0,S1183
023A,S1183,S757
023A,S757,S5535
023A,S5535,S5537
023A,S5537,S5535
023A,S5535,S4102
023A,S4102,S4104
023A,S4104,S5544
023A,S5544,S766
023A,S766,T768
023B,T5548,S5550
023B,S5550,S5551
023B,S5551,S5552
023B,S5552,S682
023B,S682,S335
023B,S335,S684
023B,S684,S486
023B,S486,T0
026A,T5559,T5561
026B,T21,S5564
026B,S5564,S5564
026B,S5564,S5568
026B,S5568,S231
026B,S231,S5571
026B,S5571,S5572
026B,S5572,S5574
026B,S5574,S1728
026B,S1728,S5577
026B,S5577,T3099
028A,T1497,S5581
028A,S5581,S5583
028A,S5583,S5584
028A,S5584,S5585
028A,S5585,S5587
028A,S5587,S5589
028A,S5589,S5590
028A,S5590,S2790
028A,S2790,S5460
028A,S5460,T5593
028B,T21,S5596
028B,S5596,S1366
028B,S1366,S5598
028B,S5598,S5599
028B,S5599,S5600
028B,S5600,S5602
028B,S5602,T1497
029A,T21,S5606
029A,S5606,S41
029A,S41,S43
029A,S43,S5610
029A,S5610,S47
029A,S47,S5613
029A,S5613,S5615
029A,S5615,T75
029B,T75,S5619
029B,S5619,S81
029B,S81,T21
030A,T21,S23
030A,S23,S24
030A,S24,S25
030A,S25,S26
030A,S26,S27
030A,S27,T28
030B,T28,S31
030B,S31,S32
030B,S32,S33
030B,S33,S34
030B,S34,S35
030B,S35,T37
031A,T0,S3813
031A,S3813,S5649
031A,S5649,S5650
031A,S5650,S5652
031A,S5652,S2879
031A,S2879,T2880
031B,T2880,S684
031B,S684,S5658
031B,S5658,S5659
035A,T0,S5663
035A,S5663,S5664
035A,S5664,S5665
035A,S5665,S5666
035A,S5666,S5667
035A,S5667,T5668
035B,T728,T5668
035B,T5668,S5672
035B,S5672,S5673
035B,S5673,S5674
035B,S5674,S5675
035B,S5675,S5677
035B,S5677,S5678
035B,S5678,S1695
035B,S1695,S5680
035B,S5680,S3177
035B,S3177,S5682
035B,S5682,S5683
035B,S5683,T0
036A,T0,S40
036A,S40,S41
036A,S41,S42
036A,S42,S43
036A,S43,S44
036A,S44,S46
036A,S46,S47
036A,S47,S49
036A,S49,S50
036A,S50,S51
036A,S51,S52
036A,S52,S53
036A,S53,T54
036B,T54,S57
036B,S57,S58
036B,S58,S33
036B,S33,S60
036B,S60,S34
036B,S34,S62
036B,S62,S63
036B,S63,T0
038A,T0,S5188
038A,S5188,S5189
038A,S5189,S5190
038A,S5190,S5192
038A,S5192,S5194
038A,S5194,S415
038A,S415,S417
038A,S417,S630
038B,T3846,S422
038B,S422,S5202
038B,S5202,S5203
038B,S5203,S5204
038B,S5204,S5205
038B,S5205,S5206
038B,S5206,T0
039A,T1994,S5210
039A,S5210,S5211
039A,S5211,S5213
039A,S5213,S3061
039A,S3061,T5215
039B,T5215,S5218
039B,S5218,S5219
039B,S5219,S5220
039B,S5220,S880
039B,S880,S5222
039B,S5222,T0
040A,T0,S676
040A,S676,T679
040B,T680,S684
040B,S684,S5231
040B,S5231,T0
041A,T0,S5811
041A,S5811,S5812
041A,S5812,S5813
041A,S5813,S365
041A,S365,S5815
041A,S5815,S5435
041A,S5435,S5817
041A,S5817,S5818
041A,S5818,S5820
041A,S5820,S5821
041A,S5821,T370
041B,T370,S5825
041B,S5825,S369
041B,S369,S5828
041B,S5828,S5829
041B,S5829,S378
041B,S378,S380
041B,S380,S620
041B,S620,S5834
041B,S5834,S5357
041B,S5357,T0
043A,T0,S67
043A,S67,S68
043A,S68,S69
043A,S69,S70
043A,S70,S71
043A,S71,S72
043A,S72,S73
043A,S73,S74
043A,S74,T75
043B,T75,S78
043B,S78,S79
043B,S79,S80
043B,S80,S81
043B,S81,S82
043B,S82,S33
043B,S33,S60
043B,S60,S62
043B,S62,T0
044A,T0,S3725
044A,S3725,S5840
044A,S5840,S5328
044A,S5328,S5842
044A,S5842,S5843
044A,S5843,S5844
044A,S5844,S5845
044A,S5845,S5847
044A,S5847,S3284
044A,S3284,S3284
044A,S3284,S5850
044A,S5850,T5241
044B,T5241,S5854
044B,S5854,S3288
044B,S3288,S5246
044B,S5246,S5246
044B,S5246,S5249
044B,S5249,S5382
044B,S5382,S5860
044B,S5860,S19
044B,S19,S5356
044B,S5356,S5863
044B,S5863,T0
046A,T75,S5867
046A,S5867,S5868
046A,S5868,S5869
046A,S5869,S5870
046A,S5870,S5871
046A,S5871,T0
046B,T0,S5876
046B,S5876,S5877
046B,S5877,S5878
046B,S5878,S5880
046B,S5880,S5881
046B,S5881,S5882
046B,S5882,S57
046B,S57,S5885
046B,S5885,S5886
046B,S5886,T75
048A,T0,S3882
048A,S3882,S3884
048A,S3884,S5892
048A,S5892,S4162
048A,S4162,S914
048A,S914,S1830
048A,S1830,T2497
048B,T2497,S2799
048B,S2799,S1535
048B,S1535,T0
050A,T0,S5917
050A,S5917,S5918
050A,S5918,S5919
050A,S5919,S5921
050A,S5921,T5922
050B,T5922,S5925
050B,S5925,S5926
050B,S5926,S5927
050B,S5927,S5928
050B,S5928,S5929
050B,S5929,S1960
050B,S1960,S4179
050B,S4179,S5933
050B,S5933,S3760
050B,S3760,S880
050B,S880,T0
051A,T5938,S1672
051A,S1672,S1673
051A,S1673,S5943
051A,S5943,S5944
051A,S5944,S1677
051A,S1677,S5946
051A,S5946,S5947
051A,S5947,S5949
051A,S5949,S1682
051A,S1682,S5951
051A,S5951,S5952
051A,S5952,S5953
051A,S5953,T5954
051B,T5954,S5957
051B,S5957,S1697
051B,S1697,S5959
051B,S5959,S5680
051B,S5680,S5962
051B,S5962,S5963
051B,S5963,S5964
051B,S5964,S5965
051B,S5965,S5966
051B,S5966,T0
052A,T0,S5970
052A,S5970,S5435
052A,S5435,S5972
052A,S5972,S415
052A,S415,S582
052A,S582,S5977
052A,S5977,S5978
052A,S5978,S5979
052A,S5979,S591
052A,S591,S5981
052A,S5981,S593
052A,S593,S595
052A,S595,S596
052A,S596,T5985
052B,T5985,S5988
052B,S5988,S5989
052B,S5989,S5990
052B,S5990,S5991
052B,S5991,S14
052B,S14,S5994
052B,S5994,S5203
052B,S5203,S15
052B,S15,S5998
052B,S5998,S620
052B,S620,S6001
052B,S6001,S19
052B,S19,S6003
052B,S6003,T0
055A,T0,S6007
055A,S6007,S2225
055A,S2225,S4145
055A,S4145,S4146
055A,S4146,S6012
055A,S6012,S6014
055A,S6014,S6015
055A,S6015,S1069
055A,S1069,S6017
055A,S6017,T1442
055B,T1442,S6021
055B,S6021,S1188
055B,S1188,S6024
055B,S6024,S6025
055B,S6025,S3162
055B,S3162,T0
056A,T0,S3213
056A,S3213,S3215
056A,S3215,S6032
056A,S6032,S3217
056A,S3217,S6034
056A,S6034,S6035
056A,S6035,S6036
056A,S6036,T3219
056B,T3219,S6040
056B,S6040,S6041
056B,S6041,S5965
056B,S5965,S3177
056B,S3177,S881
056B,S881,T0
058A,T0,S3166
058A,S3166,S3217
058A,S3217,S6053
058A,S6053,S6054
058A,S6054,S1734
058A,S1734,S6057
058A,S6057,S6059
058A,S6059,S6060
058A,S6060,T6061
058B,S6063,S6064
058B,S6064,S6065
058B,S6065,S6066
058B,S6066,S6067
058B,S6067,S6068
058B,S6068,T0
061A,T1328,S2194
061A,S2194,S553
061A,S553,S6076
061A,S6076,S6077
061A,S6077,S5513
061A,S5513,S2943
061A,S2943,S6081
061A,S6081,S238
061A,S238,S6083
061A,S6083,T244
061B,T244,S567
061B,S567,S569
061B,S569,S6089
061B,S6089,S6091
061B,S6091,T1328
064A,T89,S91
064A,S91,S92
064A,S92,S94
064A,S94,S95
064A,S95,S96
064A,S96,S97
064A,S97,S98
064A,S98,S99
064A,S99,S100
064A,S100,S101
064A,S101,S102
064A,S102,T103
064B,T103,S106
064B,S106,S108
064B,S108,S109
064B,S109,S110
064B,S110,S111
064B,S111,T89
065A,T113,S115
065A,S115,S116
065A,S116,S117
065A,S117,T118
065B,T118,S121
065B,S121,S122
065B,S122,S123
065B,S123,T132
066A,T133,S135
066A,S135,T136
066B,T136,T133
067A,T113,S142
067A,S142,S143
067A,S143,S144
067A,S144,S145
067A,S145,S146
067B,T147,S150
067B,S150,S151
067B,S151,S152
067B,S152,S153
067B,S153,T113
070A,T155,S157
070A,S157,S158
070A,S158,S160
070A,S160,S161
070A,S161,S162
070A,S162,S164
070A,S164,S165
070A,S165,S166
070A,S166,S167
070A,S167,T168
070B,T168,S171
070B,S171,S172
070B,S172,S173
070B,S173,S175
070B,S175,S177
070B,S177,S179
070B,S179,S180
070B,S180,S181
070B,S181,T155
070B,T155,T183
071A,T155,S187
071A,S187,T183
071B,S175,S179
071B,S179,S192
071B,S192,S193
071B,S193,T155
072A,T195,T197
072B,T197,S200
072B,S200,T201
074A,T202,S204
074A,S204,S205
074A,S205,S206
074A,S206,S207
075A,T208,S210
075A,S210,T211
075B,T212,S214
075B,S214,T208
076A,T232,S3944
076A,S3944,S6125
076A,S6125,S6126
076A,S6126,S2879
076A,S2879,T2880
076B,T2880,S566
076B,S566,S567
076B,S567,S569
076B,S569,S6136
076B,S6136,S6138
076B,S6138,S6139
076B,S6139,S6140
076B,S6140,T251
078A,S216,S217
078A,S217,S219
078A,S219,S205
078A,S205,S222
078A,S222,S206
078A,S206,T113
078B,T225,S227
078B,S227,S228
078B,S228,S229
078B,S229,S231
078B,S231,T232
079A,T232,S235
079A,S235,S237
079A,S237,S238
079A,S238,S239
079A,S239,T240
079B,S241,S242
079B,S242,S243
079B,S243,T244
079B,T244,S246
079B,S246,S247
079B,S247,S243
079B,S243,S249
079B,S249,T232
080A,T251,S216
080A,S216,S254
080A,S254,S222
080A,S222,S206
080A,S206,T225
080B,T225,S261
080B,S261,S262
080B,S262,S263
080B,S263,S231
080B,S231,S241
080B,S241,S267
080B,S267,S268
080B,S268,S243
080B,S243,T251
081A,S271,S205
081A,S205,T251
081A,T251,S276
081A,S276,S277
081A,S277,S278
081A,S278,S280
081A,S280,S282
081A,S282,S283
081A,S283,S285
081A,S285,S286
081A,S286,S287
081A,S287,T288
081B,T288,S291
081B,S291,S292
081B,S292,S293
081B,S293,S294
081B,S294,S296
081B,S296,S297
081B,S297,S299
081B,S299,S300
081B,S300,S301
081B,S301,S302
081B,S302,S303
081B,S303,S304
081B,S304,S305
081B,S305,S306
081B,S306,T251
082A,T251,S310
082A,S310,S312
082A,S312,S313
082A,S313,S314
082A,S314,S315
082A,S315,S316
082A,S316,T317
082B,T168,S320
082B,S320,S321
082B,S321,S171
082B,S171,S323
082B,S323,S173
082B,S173,S326
082B,S326,S327
082B,S327,S329
082B,S329,S181
082B,S181,S332
082B,S332,S334
082B,S334,S335
082B,S335,S243
082B,S243,T251
084A,T232,S340
084A,S340,S341
084A,S341,S342
084A,S342,S345
084A,S345,S346
084A,S346,S347
084A,S347,T349
084B,T350,S352
084B,S352,S353
084B,S353,T232
085A,T232,S357
085A,S357,T358
085B,T358,S361
085B,S361,T232
088A,T251,S365
088A,S365,S367
088A,S367,S368
088A,S368,S369
088A,S369,T370
088B,T370,S373
088B,S373,S375
088B,S375,S376
088B,S376,S378
088B,S378,S380
088B,S380,S382
088B,S382,S384
088B,S384,S385
088B,S385,S387
088B,S387,T251
090A,T251,S3814
090A,S3814,S480
090A,S480,S5044
090A,S5044,S5047
090A,S5047,S5048
090A,S5048,S5049
090A,S5049,T118
090B,T2166,S5053
090B,S5053,S5054
090B,S5054,S3040
090B,S3040,S3162
090B,S3162,S243
090B,S243,T251
092A,T251,S5063
092A,S5063,S5064
092A,S5064,S5065
092A,S5065,S5067
092A,S5067,S5069
092A,S5069,S5070
092A,S5070,S5071
092A,S5071,S5072
092A,S5072,T5073
092B,T5073,S5076
092B,S5076,S5077
092B,S5077,S5078
092B,S5078,S5079
092B,S5079,T251
093A,T251,S391
093A,S391,S392
093A,S392,S393
093A,S393,S394
093A,S394,S395
093A,S395,S396
093A,S396,S397
093A,S397,T398
093B,T398,S402
093B,S402,S403
093B,S403,S405
093B,S405,S406
093B,S406,S408
093B,S408,S410
093B,S410,S411
093B,S411,T251
094A,T251,S414
094A,S414,S415
094A,S415,S417
094A,S417,T418
094B,T418,S421
094B,S421,S422
094B,S422,S423
094B,S423,S14
094B,S14,S427
094B,S427,S384
094B,S384,S385
094B,S385,S431
094B,S431,T251
095A,T251,S436
095A,S436,S437
095A,S437,S438
095A,S438,S440
095A,S440,S441
095A,S441,S442
095A,S442,S443
095A,S443,S444
095A,S444,S445
095A,S445,S446
095A,S446,S447
095A,S447,T448
095B,T448,S451
095B,S451,S453
095B,S453,S455
095B,S455,S456
095B,S456,S457
095B,S457,S458
095B,S458,S431
095B,S431,T251
096A,T251,S465
096A,S465,S466
096A,S466,S467
096A,S467,S468
096A,S468,T470
096B,T470,S242
096B,S242,S475
096B,S475,S243
096B,S243,T251
098A,T251,S480
098A,S480,S482
098A,S482,T0
098B,T0,S486
098B,S486,S487
098B,S487,S243
098B,S243,T251
099A,T232,S493
099A,S493,S494
099A,S494,S495
099A,S495,T497
099B,T497,S500
099B,S500,S501
099B,S501,S503
099B,S503,S504
099B,S504,S505
099B,S505,T251
100A,T251,S509
100A,S509,S494
100A,S494,S512
100A,S512,S514
100A,S514,S516
100A,S516,S517
100A,S517,T497
100B,T497,S503
100B,S503,S522
100B,S522,S523
100B,S523,T251
102A,T251,S528
102A,S528,S529
102A,S529,S530
102A,S530,S531
102A,S531,S532
102A,S532,S533
102A,S533,T534
102B,T534,S304
102B,S304,S539
102B,S539,S504
102B,S504,S543
102B,S543,S523
102B,S523,T251
103A,T232,S550
103A,S550,S551
103A,S551,S552
103A,S552,S553
103A,S553,S554
103A,S554,S555
103A,S555,S27
103A,S27,S557
103A,S557,T558
103B,T558,S561
103B,S561,S562
103B,S562,S563
103B,S563,S564
103B,S564,S566
103B,S566,S567
103B,S567,S569
103B,S569,S570
103B,S570,T251
104A,T232,S574
104A,S574,S575
104A,S575,S576
104A,S576,S414
104A,S414,S415
104A,S415,S415
104A,S415,S581
104A,S581,S582
104A,S582,S583
104A,S583,S585
104A,S585,S587
104A,S587,S588
104A,S588,S590
104A,S590,S591
104A,S591,S592
104A,S592,S593
104A,S593,S594
104A,S594,S595
104A,S595,S596
104A,S596,T597
104B,T597,S600
104B,S600,S601
104B,S601,S602
104B,S602,S603
104B,S603,S605
104B,S605,S606
104B,S606,S607
104B,S607,S608
104B,S608,S609
104B,S609,S611
104B,S611,S613
104B,S613,S614
104B,S614,S14
104B,S14,S14
104B,S14,S617
104B,S617,S380
104B,S380,S620
104B,S620,S385
104B,S385,S623
104B,S623,T251
105A,T232,S415
105A,S415,S417
105A,S417,S629
105A,S629,S630
105A,S630,S631
105A,S631,S633
105A,S633,S635
105A,S635,S636
105A,S636,S637
105A,S637,T638
105B,T638,S641
105B,S641,S642
105B,S642,S643
105B,S643,S645
105B,S645,S646
105B,S646,S647
105B,S647,S648
105B,S648,S649
105B,S649,S651
105B,S651,S352
105B,S352,S422
105B,S422,S14
105B,S14,S658
105B,S658,S659
105B,S659,S660
105B,S660,S620
105B,S620,S662
105B,S662,S623
105B,S623,T251
107A,T232,S365
107A,S365,T668
107B,T668,S385
107B,S385,T232
112A,T232,S676
112A,S676,S677
112A,S677,S678
112A,S678,T679
112B,T680,S682
112B,S682,S684
112B,S684,T685
114A,T232,S688
114A,S688,S690
114A,S690,S691
114A,S691,S436
114A,S436,S694
114A,S694,S695
114A,S695,S696
114A,S696,S698
114A,S698,S700
114A,S700,S701
114A,S701,T702
114B,T702,S705
114B,S705,S706
114B,S706,S378
114B,S378,S378
114B,S378,S709
114B,S709,S711
114B,S711,S385
114B,S385,S662
114B,S662,S715
114B,S715,T251
116A,T232,S719
116A,S719,S720
116A,S720,S722
116A,S722,S724
116A,S724,S725
116A,S725,S726
116A,S726,S727
116A,S727,T728
116B,T728,S731
116B,S731,S732
116B,S732,S733
116B,S733,S684
116B,S684,S243
116B,S243,T251
117A,T251,S739
117A,S739,S740
117A,S740,S722
117A,S722,S743
117A,S743,S744
117A,S744,T745
117B,T745,S748
117B,S748,S749
117B,S749,S750
117B,S750,S732
117B,S732,S752
117B,S752,S243
117B,S243,T251
118A,T251,S757
118A,S757,S758
118A,S758,S759
118A,S759,S760
118A,S760,S761
118A,S761,S762
118A,S762,S763
118A,S763,S764
118A,S764,S765
118A,S765,S766
118A,S766,T767
118B,T768,S770
118B,S770,S771
118B,S771,S772
118B,S772,S773
118B,S773,S774
118B,S774,S775
118B,S775,S775
118B,S775,S777
118B,S777,S779
118B,S779,S780
118B,S780,S781
118B,S781,S782
118B,S782,S783
118B,S783,S569
118B,S569,S785
118B,S785,T251
120A,T232,S789
120A,S789,S791
120A,S791,S792
120A,S792,S793
120A,S793,S794
120A,S794,S795
120A,S795,S796
120A,S796,S797
120A,S797,T798
120B,T798,S801
120B,S801,S802
120B,S802,S803
120B,S803,S804
120B,S804,S805
120B,S805,S805
120B,S805,S807
120B,S807,S808
120B,S808,S809
120B,S809,S300
120B,S300,S301
120B,S301,S302
120B,S302,S304
120B,S304,S815
120B,S815,S816
120B,S816,S817
120B,S817,S523
120B,S523,S819
120B,S819,S820
120B,S820,S821
120B,S821,T232
121A,T232,S825
121A,S825,S826
121A,S826,S828
121A,S828,S829
121A,S829,S830
121A,S830,S831
121A,S831,S832
121A,S832,S833
121A,S833,S834
121A,S834,T835
121B,T835,S838
121B,S838,S304
121B,S304,S539
121B,S539,S842
121B,S842,S306
121B,S306,T232
122A,T232,S847
122A,S847,S480
122A,S480,S482
122A,S482,S853
122A,S853,S855
122A,S855,S855
122A,S855,S855
122A,S855,S860
122A,S860,S861
122A,S861,S863
122A,S863,S864
122A,S864,T865
122B,T865,S868
122B,S868,S869
122B,S869,S870
122B,S870,S871
122B,S871,S872
122B,S872,S874
122B,S874,S876
122B,S876,S877
122B,S877,S879
122B,S879,S880
122B,S880,S881
122B,S881,T251
123A,T251,S436
123A,S436,S5063
123A,S5063,S3284
123A,S3284,S5064
123A,S5064,T5241
123B,T5242,S3288
123B,S3288,S3288
123B,S3288,S5246
123B,S5246,S5248
123B,S5248,S5249
123B,S5249,S709
123B,S709,S385
123B,S385,S431
123B,S431,T251
139A,T883,S885
139A,S885,S887
139A,S887,S888
139A,S888,S889
139A,S889,S890
139A,S890,S891
139A,S891,S892
139A,S892,T893
139B,T894,S896
139B,S896,S897
139B,S897,S898
139B,S898,S899
139B,S899,T900
140A,T54,S91
140A,S91,S904
140A,S904,S99
140A,S99,S100
140A,S100,S907
140A,S907,S908
140A,S908,S102
140A,S102,T103
143A,T883,S913
143A,S913,S914
143A,S914,S915
143A,S915,T916
143B,T916,S919
143B,S919,S920
143B,S920,T883
144A,T54,S925
144A,S925,S926
144A,S926,S927
144A,S927,S928
144A,S928,S929
144A,S929,S930
144A,S930,T931
144B,T931,S934
144B,S934,S936
144B,S936,S937
144B,S937,S920
144B,S920,S899
144B,S899,S941
144B,S941,T883
146A,T883,S945
146A,S945,S946
146A,S946,S947
146A,S947,S949
146A,S949,S950
146A,S950,S951
146A,S951,S952
146A,S952,T953
146B,T953,S956
146B,S956,S957
146B,S957,S958
146B,S958,S960
146B,S960,S962
146B,S962,S964
146B,S964,S965
146B,S965,T54
147A,T883,S969
147A,S969,S970
147A,S970,S971
147A,S971,S972
147A,S972,S973
147A,S973,S974
147A,S974,S975
147A,S975,S976
147A,S976,T977
149A,S898,T883
149A,T883,S981
149A,S981,S982
149A,S982,S925
149A,S925,S984
149A,S984,S985
149A,S985,S914
149A,S914,S987
149A,S987,S927
149A,S927,S928
149A,S928,S991
149A,S991,S992
149A,S992,S993
149A,S993,T994
149B,T994,S997
149B,S997,S998
149B,S998,S999
149B,S999,S1000
149B,S1000,S1001
149B,S1001,S937
149B,S937,S1003
149B,S1003,S898
149B,S898,S1005
149B,S1005,S899
149B,S899,S1007
149B,S1007,T883
155A,T1009,S1011
155A,S1011,S1013
155A,S1013,S1014
155A,S1014,S1015
155A,S1015,S925
155A,S925,T1017
155A,T1017,S1018
155B,T1017,S1022
155B,S1022,S1023
155B,S1023,S1025
155B,S1025,T75
156A,T1028,S217
156A,S217,S205
156A,S205,S1032
156A,S1032,S206
156A,S206,T113
156B,T113,S1037
156B,S1037,S1038
156B,S1038,S1039
156B,S1039,T1028
157A,T1028,T1043
157B,T1044,S1038
157B,S1038,T1028
159A,T1048,S468
159A,S468,S1051
159A,S1051,S1052
159A,S1052,T1053
159B,T1053,S1056
159B,S1056,S1057
159B,S1057,T1048
163A,T1059,S1061
163A,S1061,S1062
163A,S1062,S1064
163A,S1064,S1065
163A,S1065,S1067
163A,S1067,S1068
163A,S1068,S1069
163A,S1069,S1070
163A,S1070,S1071
163A,S1071,T244
163B,T244,S1075
163B,S1075,S1076
163B,S1076,S1077
163B,S1077,S1078
163B,S1078,S1079
163B,S1079,T1059
164A,T1081,S945
164A,S945,T1009
164B,T75,S965
164B,S965,S1088
164B,S1088,S1007
164B,S1007,T1081
165A,T1081,S1093
165A,S1093,S1094
165A,S1094,S1095
165A,S1095,S1096
165A,S1096,S1097
165A,S1097,T1098
165B,T1099,S1101
165B,S1101,S1102
165B,S1102,S1103
165B,S1103,S965
165B,S965,S1105
165B,S1105,S1106
165B,S1106,T1081
166A,T1081,S1110
166A,S1110,S1111
166A,S1111,S1112
166A,S1112,S947
166A,S947,S949
166A,S949,S950
166A,S950,S1117
166A,S1117,T953
166B,T953,S1121
166B,S1121,S1122
166B,S1122,S1123
166B,S1123,S1125
166B,S1125,T1081
167A,T1127,S1129
167A,S1129,T75
167B,T75,S1133
167B,S1133,S1135
167B,S1135,T1127
170A,T1137,S1139
170A,S1139,S914
170A,S914,S925
170A,S925,S1145
170A,S1145,T1146
170B,T1146,S1149
170B,S1149,S937
170B,S937,S1153
170B,S1153,S1154
170B,S1154,S999
170B,S999,T1161
172A,T1137,S1164
172A,S1164,S1166
172A,S1166,T244
172B,T240,S1171
172B,S1171,S1173
172B,S1173,S1149
172B,S1149,S937
172B,S937,S1001
172B,S1001,S998
172B,S998,S934
172B,S934,S1179
172B,S1179,T1180
173A,T1181,S1183
173A,S1183,T1184
173B,T1184,S1187
173B,S1187,S1188
173B,S1188,S1189
173B,S1189,S1191
173B,S1191,S1192
173B,S1192,S1193
173B,S1193,T1181
174A,T1195,S1197
174A,S1197,S1198
174A,S1198,S1199
174A,S1199,S1201
174A,S1201,S1202
174A,S1202,S1204
174A,S1204,S1205
174A,S1205,T1206
174B,T1207,S1209
174B,S1209,S1210
174B,S1210,S1212
174B,S1212,S1214
174B,S1214,T1215
175A,T1216,S1218
175A,S1218,S1220
175A,S1220,S1221
175A,S1221,S1222
175A,S1222,S1223
175A,S1223,S1224
175A,S1224,S1225
175A,S1225,S1221
175A,S1221,S1228
175A,S1228,S1229
175A,S1229,S1205
175A,S1205,T1206
175B,T1207,S1235
175B,S1235,S1236
175B,S1236,S1237
175B,S1237,S1238
175B,S1238,S1239
175B,S1239,S1240
175B,S1240,S1210
175B,S1210,S1243
175B,S1243,T1216
176A,T1246,S1228
176A,S1228,S43
176A,S43,S1250
176A,S1250,S1251
176A,S1251,S1252
176A,S1252,S1205
176A,S1205,T1206
176B,T1207,S1235
176B,S1235,S1258
176B,S1258,S1238
176B,S1238,S1239
176B,S1239,S1240
176B,S1240,S1210
176B,S1210,S1243
176B,S1243,S1267
176B,S1267,S1269
176B,S1269,S1214
176B,S1214,S1271
176B,S1271,T1246
177A,T1195,S1276
177A,S1276,S1277
177A,S1277,S1278
177A,S1278,S1279
177A,S1279,S1280
177A,S1280,T113
177B,T113,S1284
177B,S1284,S1285
177B,S1285,S1269
177B,S1269,T1195
178A,T1288,S1290
178A,S1290,S1291
178A,S1291,S1292
178A,S1292,S1293
178A,S1293,S1294
178A,S1294,S1295
178A,S1295,S74
178A,S74,S1297
178A,S1297,T75
178B,T75,S1301
178B,S1301,S1302
178B,S1302,S1303
178B,S1303,S1304
178B,S1304,S1305
178B,S1305,S1306
178B,S1306,T1288
185A,T894,S891
185A,S891,S981
185A,S981,S1312
185A,S1312,S1313
185A,S1313,T900
185B,T900,S1317
185B,S1317,S1318
185B,S1318,S1319
185B,S1319,S1320
185B,S1320,S1321
185B,S1321,S1322
185B,S1322,S1323
185B,S1323,T894
186A,T1325,S1327
186A,S1327,T1328
186B,T1328,S1331
186B,S1331,S1333
186B,S1333,S569
186B,S569,S1336
186B,S1336,S1337
186B,S1337,S1338
186B,S1338,S1339
186B,S1339,S1340
186B,S1340,S1341
186B,S1341,T1043
188A,T1206,T1345
188B,T1345,S1348
188B,S1348,S1350
188B,S1350,S1102
188B,S1102,S152
188B,S152,T1043
192A,T1206,S1357
192A,S1357,S1358
192A,S1358,S1359
192A,S1359,T1360
192B,T1360,S1363
192B,S1363,S1364
192B,S1364,S1366
192B,S1366,S1368
192B,S1368,S1369
192B,S1369,S1370
192B,S1370,T1043
193A,T1206,T1374
193B,T1374,S1377
193B,S1377,S1366
193B,S1366,S1379
193B,S1379,S1380
193B,S1380,S1381
193B,S1381,S1370
193B,S1370,T1043
196A,T1044,S1386
196A,S1386,S1387
196A,S1387,S1388
196A,S1388,S1389
196A,S1389,S1390
196A,S1390,T470
196B,T470,S1394
196B,S1394,S1395
196B,S1395,S1396
196B,S1396,S1397
196B,S1397,T1043
200A,T1206,T1401
200B,T1401,T1043
201A,T1325,S1407
201A,S1407,S1408
201A,S1408,S1387
201A,S1387,T202
201B,T202,S1413
201B,S1413,S1397
201B,S1397,T1325
202A,T1416,T1418
202B,T1418,T1043
203(1)A,T1206,S1424
203(1)A,S1424,T132
203(1)B,T132,T1043
203(2)A,T1206,S1431
203(2)A,S1431,T132
203(2)B,T132,S1435
203(2)B,S1435,T1043
204A,T1416,S1439
204A,S1439,S1441
204A,S1441,T1442
204B,T1442,T1043
205A,T1416,S1448
205A,S1448,S1449
205A,S1449,T1450
205B,T1450,T1043
206A,T1416,S1456
206A,S1456,S1457
206A,S1457,S1458
206A,S1458,S1449
206A,S1449,T1450
206B,T1450,S1463
206B,S1463,S1464
206B,S1464,S1465
206B,S1465,T1043
207A,T1467,S1469
207A,S1469,S237
207A,S237,T1471
207B,T1471,S1474
207B,S1474,T1467
208A,T1416,S1478
208A,S1478,S1479
208A,S1479,T1442
208B,T1442,S1483
208B,S1483,T1416
209A,T1206,S1487
209A,S1487,S1489
209A,S1489,S44
209A,S44,T1492
209B,T1492,S1370
209B,S1370,T1043
210A,T1497,T1499
210B,T1499,T1043
211A,T1503,S726
211A,S726,T745
211B,T728,S1509
211B,S1509,S1510
211B,S1510,T1043
212A,T1467,T244
212B,T240,T1043
214A,T1467,S1520
214A,S1520,T1521
214B,T1521,T1467
216A,T1044,S1527
216A,S1527,S465
216A,S465,S1530
216A,S1530,S1531
216A,S1531,T0
216B,T0,S1535
216B,S1535,S1537
216B,S1537,S1539
216B,S1539,S241
216B,S241,S1542
216B,S1542,T1043
219A,T1044,S1546
219A,S1546,S1547
219A,S1547,S465
219A,S465,T0
219B,T0,S82
219B,S82,S1553
219B,S1553,S1370
219B,S1370,S1370
219B,S1370,T1043
221A,T1558,S1560
221A,S1560,S1562
221A,S1562,S1564
221A,S1564,S1566
221A,S1566,S1568
221A,S1568,S1570
221A,S1570,S1571
221A,S1571,S1572
221A,S1572,S1573
221A,S1573,S282
221A,S282,S1575
221A,S1575,T534
221B,T534,S1579
221B,S1579,S1580
221B,S1580,S1581
221B,S1581,S1582
221B,S1582,S1583
221B,S1583,S1584
221B,S1584,S1585
221B,S1585,S1586
221B,S1586,S1588
221B,S1588,S1589
221B,S1589,S1591
221B,S1591,S1592
221B,S1592,S1594
221B,S1594,T1558
222A,T1596,S1598
222A,S1598,S1599
222A,S1599,S1600
222A,S1600,T1601
222B,T1601,S1604
222B,S1604,S1606
222B,S1606,S1608
222B,S1608,S1609
222B,S1609,S1611
222B,S1611,S1612
222B,S1612,S1613
222B,S1613,S1615
222B,S1615,T1596
223A,T113,S1619
223A,S1619,S1620
223A,S1620,S1621
223A,S1621,S1622
223A,S1622,S1623
223A,S1623,S1624
223A,S1624,S1625
223A,S1625,T1626
223B,T1626,S1629
223B,S1629,S1630
223B,S1630,S1632
223B,S1632,S1633
223B,S1633,S153
223B,S153,S1636
223B,S1636,T113
224A,T113,S1640
224A,S1640,S466
224A,S466,S466
224A,S466,S1643
224A,S1643,T1028
224B,T1028,S1647
224B,S1647,S1648
224B,S1648,S1649
224B,S1649,T113
225A,T113,S1619
225A,S1619,S1620
225A,S1620,S1655
225A,S1655,T1656
225B,T1656,S1659
225B,S1659,S1660
225B,S1660,S1662
225B,S1662,S110
225B,S110,S1350
225B,S1350,S1668
225B,S1668,T113
226A,T2197,S5510
226A,S5510,S1387
226A,S1387,S5513
226A,S5513,S27
226A,S27,S26
226A,S26,S2901
226A,S2901,S1388
226A,S1388,S5519
226A,S5519,S552
226A,S552,S5521
226A,S5521,T3443
226B,T3443,S1336
226B,S1336,S200
226B,S200,S5527
226B,S5527,T2196
227A,T113,S1672
227A,S1672,S1673
227A,S1673,S1675
227A,S1675,S1677
227A,S1677,S1678
227A,S1678,S1680
227A,S1680,S1682
227A,S1682,T1684
227B,T1684,S1687
227B,S1687,S1688
227B,S1688,S1689
227B,S1689,S1690
227B,S1690,S1691
227B,S1691,S1693
227B,S1693,S1695
227B,S1695,S1697
227B,S1697,S1698
227B,S1698,S1699
227B,S1699,S1701
227B,S1701,S1703
227B,S1703,S1704
227B,S1704,S1705
227B,S1705,S111
227B,S111,T113
228A,T113,S1710
228A,S1710,S1713
228A,S1713,S1096
228A,S1096,S1129
228A,S1129,S1716
228A,S1716,S1717
228A,S1717,T1099
228B,T1099,S110
228B,S110,S1723
228B,S1723,S111
228B,S111,S1726
228B,S1726,S1728
228B,S1728,T113
230A,T113,S1732
230A,S1732,S863
230A,S863,S1734
230A,S1734,S864
230A,S864,S1736
230A,S1736,S1737
230A,S1737,S1738
230A,S1738,S1739
230A,S1739,S1740
230A,S1740,S1741
230A,S1741,T1742
230B,T1742,S1745
230B,S1745,S1659
230B,S1659,S1747
230B,S1747,S1748
230B,S1748,S1749
230B,S1749,S1350
230B,S1350,T113
231A,T113,S1754
231A,S1754,S1755
231A,S1755,S1757
231A,S1757,S1758
231A,S1758,S1759
231A,S1759,S1760
231A,S1760,S1761
231A,S1761,S1762
231A,S1762,T1763
231A,T1763,S1764
231B,T1763,S1767
231B,S1767,S1768
231B,S1768,S1769
231B,S1769,S1705
231B,S1705,S1772
231B,S1772,S110
231B,S110,S1775
231B,S1775,S1776
231B,S1776,S1777
231B,S1777,S1778
231B,S1778,T113
232A,T113,S278
232A,S278,S282
232A,S282,T534
232B,T534,S1787
232B,S1787,S1788
232B,S1788,T1789
235A,T211,S1792
235A,S1792,S1793
235A,S1793,S1754
235A,S1754,S1795
235A,S1795,S1796
235A,S1796,S1797
235A,S1797,S1798
235A,S1798,T251
235B,T232,S1802
235B,S1802,S1803
235B,S1803,S1804
235B,S1804,S1769
235B,S1769,S1806
235B,S1806,S1807
235B,S1807,S1808
235B,S1808,S1810
235B,S1810,S1811
235B,S1811,S1813
235B,S1813,S1815
235B,S1815,S1816
235B,S1816,S1818
235B,S1818,S1820
235B,S1820,T211
236A,T212,S210
236A,S210,S2294
236A,S2294,S1830
236A,S1830,S981
236A,S981,T1081
236B,T1081,S1022
236B,S1022,S1854
236B,S1854,S1855
236B,S1855,S1857
236B,S1857,S1858
236B,S1858,S1859
236B,S1859,S1815
236B,S1815,S1863
236B,S1863,S1865
236B,S1865,S1867
236B,S1867,S1869
236B,S1869,S1870
236B,S1870,S1872
236B,S1872,S1873
236B,S1873,T1874
237A,T211,S1877
237A,S1877,S1878
237A,S1878,S1880
237A,S1880,S1881
237A,S1881,S1883
237A,S1883,S1885
237A,S1885,S1886
237A,S1886,S1887
237A,S1887,S1754
237A,S1754,S1890
237A,S1890,S1891
237A,S1891,S1892
237A,S1892,S1894
237A,S1894,T1895
237B,T1896,S1898
237B,S1898,S1899
237B,S1899,S1900
237B,S1900,S1806
237B,S1806,S1807
237B,S1807,S1808
237B,S1808,S1811
237B,S1811,S1813
237B,S1813,S1815
237B,S1815,S1816
237B,S1816,S1818
237B,S1818,T211
238A,T211,S1918
238A,S1918,S1877
238A,S1877,S1880
238A,S1880,S1922
238A,S1922,S1923
238A,S1923,S1924
238A,S1924,S1925
238A,S1925,S1926
238A,S1926,S1927
238A,S1927,T1206
238B,T1043,S1931
238B,S1931,S1932
238B,S1932,S1933
238B,S1933,S1934
238B,S1934,S1811
238B,S1811,S1937
238B,S1937,S1813
238B,S1813,S1815
238B,S1815,S1816
238B,S1816,S1818
238B,S1818,S1820
238B,S1820,T211
239A,T211,S1948
239A,S1948,S1949
239A,S1949,S1877
239A,S1877,S1878
239A,S1878,S1754
239A,S1754,S1954
239A,S1954,S1956
239A,S1956,T1957
239B,T1957,S1960
239B,S1960,S1961
239B,S1961,S1806
239B,S1806,S1963
239B,S1963,S1964
239B,S1964,S1811
239B,S1811,S1937
239B,S1937,S1813
239B,S1813,S1818
239B,S1818,S1971
239B,S1971,S1973
239B,S1973,T211
240A,T211,S1949
240A,S1949,S1979
240A,S1979,S1877
240A,S1877,S1878
240A,S1878,S1880
240A,S1880,S1987
240A,S1987,S1923
240A,S1923,S1989
240A,S1989,S1990
240A,S1990,S117
240A,S117,S1992
240A,S1992,S1993
240B,T1994,S151
240B,S151,S1998
240B,S1998,S2000
240B,S2000,S2002
240B,S2002,S2003
240B,S2003,S2004
240B,S2004,S1811
240B,S1811,S1937
240B,S1937,S1813
240B,S1813,S1818
240B,S1818,S1820
240B,S1820,T211
241A,T1503,S2015
241A,S2015,S2016
241A,S2016,S2018
241A,S2018,S2019
241A,S2019,S2020
241A,S2020,T2021
241B,T2022,S332
241B,S332,S1586
241B,S1586,S2026
241B,S2026,S1589
241B,S1589,S2028
241B,S2028,T1043
242A,T211,S1878
242A,S1878,S1880
242A,S1880,S1987
242A,S1987,S1883
242A,S1883,S2037
242A,S2037,S2038
242A,S2038,T1099
242B,T1099,S1815
242B,S1815,S1818
242B,S1818,S1971
242B,S1971,T211
243A,T211,S1878
243A,S1878,S1880
243A,S1880,S2052
243A,S2052,S1883
243A,S1883,S1792
243A,S1792,S2057
243A,S2057,S2059
243A,S2059,S1754
243A,S1754,S1732
243A,S1732,T2062
243B,T2062,S2065
243B,S2065,S2067
243B,S2067,S1808
243B,S1808,S2070
243B,S2070,S1811
243B,S1811,S1813
243B,S1813,S1818
243B,S1818,S1820
243B,S1820,S1971
243B,S1971,T211
244A,T212,S2082
244A,S2082,S2083
244A,S2083,S1166
244A,S1166,T2086
244B,T1028,S1647
244B,S1647,S1648
244B,S1648,S1649
244B,S1649,T113
244B,T113,T2086
244B,T2086,S1149
244B,S1149,S937
244B,S937,S1153
244B,S1153,S1000
244B,S1000,S2093
244B,S2093,S2094
244B,S2094,S214
244B,S214,S2096
244B,S2096,S2097
244B,S2097,T211
246A,T211,S1949
246A,S1949,S1979
246A,S1979,S1877
246A,S1877,S1878
246A,S1878,S1880
246A,S1880,S2108
246A,S2108,S2109
246A,S2109,S1792
246A,S1792,S2111
246A,S2111,S1887
246A,S1887,S1754
246A,S1754,T2116
246B,T1957,S1769
246B,S1769,S1964
246B,S1964,S1869
246B,S1869,S1811
246B,S1811,S2125
246B,S2125,S1813
246B,S1813,S1815
246B,S1815,S1818
246B,S1818,S2129
246B,S2129,T211
247A,T118,S2133
247A,S2133,S2134
247A,S2134,S2136
247A,S2136,T54
247B,T54,S2140
247B,S2140,S2141
247B,S2141,S2142
247B,S2142,S2143
247B,S2143,T118
248A,T118,S2147
248A,S2147,S2148
248A,S2148,S2149
248A,S2149,T113
248B,T113,S1632
248B,S1632,S2154
248B,S2154,S2155
248B,S2155,S121
248B,S121,T118
249A,T118,T75
249B,T75,S2163
249B,S2163,S2164
249B,S2164,S2165
249B,S2165,T2166
251A,T118,S1276
251A,S1276,S2170
251A,S2170,S2171
251A,S2171,S206
251A,S206,S2173
251A,S2173,T1146
251B,T1146,S2177
251B,S2177,S2178
251B,S2178,S2179
251B,S2179,S1102
251B,S1102,S2181
251B,S2181,S2165
251B,S2165,S2184
251B,S2184,S2185
251B,S2185,T118
254A,T2187,S2189
254A,S2189,S2190
254A,S2190,S2191
254A,S2191,S2192
254A,S2192,S2194
254A,S2194,S2195
254A,S2195,T2196
254B,T2197,S2199
254B,S2199,S2200
254B,S2200,S2201
254B,S2201,S564
254B,S564,S566
254B,S566,S569
254B,S569,S2208
254B,S2208,T2187
255A,T2210,S2212
255A,S2212,S187
255A,S187,S2020
255A,S2020,S2018
255A,S2018,S1570
255A,S1570,S2220
255A,S2220,S2221
255A,S2221,S2222
255A,S2222,S2224
255A,S2224,S2225
255A,S2225,T1206
255B,T1206,S1589
255B,S1589,S2231
255B,S2231,S2232
255B,S2232,S2233
255B,S2233,S2234
255B,S2234,S2235
255B,S2235,S1586
255B,S1586,S2237
255B,S2237,S2239
255B,S2239,S326
255B,S326,S175
255B,S175,T2210
256A,T2244,S2246
256A,S2246,S2247
256A,S2247,S316
256A,S316,S167
256A,S167,S165
256A,S165,S162
256A,S162,S187
256A,S187,S2253
256A,S2253,S2254
256A,S2254,S2255
256A,S2255,S2256
256A,S2256,S1570
256A,S1570,S2220
256A,S2220,S2221
256A,S2221,S2262
256A,S2262,S2263
256A,S2263,S2222
256A,S2222,S2266
256A,S2266,S2268
256A,S2268,S2269
256A,S2269,S2271
256A,S2271,T244
256B,T244,S2275
256B,S2275,S2276
256B,S2276,S171
256B,S171,S2278
256B,S2278,S321
256B,S321,S2280
256B,S2280,S2282
256B,S2282,S2283
256B,S2283,T2244
260A,T2285,S2287
260A,S2287,S2288
260A,S2288,S2289
260A,S2289,S2290
260A,S2290,S2291
260A,S2291,S210
260A,S210,S2293
260A,S2293,S2294
260A,S2294,S2295
260A,S2295,S2296
260A,S2296,S2298
260A,S2298,S914
260A,S914,S2300
260A,S2300,T2301
260B,T2301,S1003
260B,S1003,S1154
260B,S1154,S2093
260B,S2093,S2094
260B,S2094,S2308
260B,S2308,S2097
260B,S2097,S2311
260B,S2311,T2285
262A,T2313,S2315
262A,S2315,S2316
262A,S2316,S2289
262A,S2289,S2318
262A,S2318,S2300
262A,S2300,T2301
262B,T2301,S2323
262B,S2323,S2324
262B,S2324,T2313
263A,T2166,S2328
263A,S2328,S117
263A,S117,S2330
263A,S2330,S2332
263A,S2332,S2333
263A,S2333,S2334
263A,S2334,S2335
263A,S2335,S853
263A,S853,S2337
263A,S2337,S1798
263A,S1798,S2340
263A,S2340,S2341
263A,S2341,T2342
263B,T835,S2345
263B,S2345,S504
263B,S504,S306
263B,S306,S2351
263B,S2351,S2352
263B,S2352,S2354
263B,S2354,S2355
263B,S2355,S2356
263B,S2356,S2357
263B,S2357,S2359
263B,S2359,S881
263B,S881,S2362
263B,S2362,S2363
263B,S2363,S2364
263B,S2364,S2365
263B,S2365,S2366
263B,S2366,T2166
264A,T2368,S2370
264A,S2370,S2371
264A,S2371,S2373
264A,S2373,S1923
264A,S1923,S2375
264A,S2375,S1877
264A,S1877,S1949
264A,S1949,S2380
264A,S2380,T211
264B,T211,S1818
264B,S1818,S1815
264B,S1815,S1863
264B,S1863,S2387
264B,S2387,S2388
264B,S2388,S2390
264B,S2390,S1933
264B,S1933,S2394
264B,S2394,S1932
264B,S1932,T2368
265A,T75,S1111
265A,S1111,S2401
265A,S2401,S2403
265A,S2403,T2404
265B,T2404,S2407
265B,S2407,S2409
265B,S2409,S2410
265B,S2410,T75
266A,T75,S2414
266A,S2414,T2415
266B,T2415,T75
267A,T75,S2421
267A,S2421,S2422
267A,S2422,S2423
267A,S2423,S2424
267A,S2424,S2425
267A,S2425,S2426
267A,S2426,S2428
267A,S2428,S2429
267A,S2429,T2431
267B,T2431,S2434
267B,S2434,S2435
267B,S2435,S2436
267B,S2436,S2437
267B,S2437,S2438
267B,S2438,T75
269A,T75,S2442
269A,S2442,S2443
269A,S2443,T1216
269B,T1216,S2447
269B,S2447,T75
270A,T75,S2451
270A,S2451,S2452
270A,S2452,S2453
270A,S2453,S2454
270A,S2454,S2455
270A,S2455,S991
270A,S991,S2457
270A,S2457,S2458
270A,S2458,S993
270A,S993,T994
270B,T994,S2463
270B,S2463,S2464
270B,S2464,S934
270B,S934,S934
270B,S934,S2467
270B,S2467,S2468
270B,S2468,T75
271A,T2470,S2472
271A,S2472,S2473
271A,S2473,S2474
271A,S2474,S2475
271A,S2475,S890
271A,S890,S891
271A,S891,T2478
271B,T894,S2481
271B,S2481,S2482
271B,S2482,S2483
271B,S2483,S2484
271B,S2484,S2486
271B,S2486,S2487
271B,S2487,S2488
271B,S2488,S1123
271B,S1123,S2409
271B,S2409,T2470
273A,T2470,S2495
273A,S2495,T2496
273B,T2497,S2437
273B,S2437,S2488
273B,S2488,S2438
273B,S2438,S1123
273B,S1123,T2470
274A,T75,S2508
274A,S2508,S2509
274A,S2509,S2510
274A,S2510,T1601
274B,T1601,S2515
274B,S2515,S2516
274B,S2516,S2517
274B,S2517,T75
275A,T75,S2522
275A,S2522,S2523
275A,S2523,S1573
275A,S1573,S280
275A,S280,S282
275A,S282,S2528
275A,S2528,S286
275A,S286,S2530
275A,S2530,T288
275B,T288,S2534
275B,S2534,S294
275B,S294,S2536
275B,S2536,S1581
275B,S1581,S2540
275B,S2540,S2541
275B,S2541,S1585
275B,S1585,S332
275B,S332,S2547
275B,S2547,S1588
275B,S1588,S1589
275B,S1589,S1592
275B,S1592,S2555
275B,S2555,S2517
275B,S2517,S2559
275B,S2559,S2561
275B,S2561,S2562
275B,S2562,T75
276A,T2470,S2566
276A,S2566,S2567
276A,S2567,S2294
276A,S2294,S2293
276A,S2293,S210
276A,S210,S2291
276A,S2291,S2289
276A,S2289,S2288
276A,S2288,T2575
276B,T2575,S2578
276B,S2578,S2311
276B,S2311,S2580
276B,S2580,S2437
276B,S2437,S2582
276B,S2582,S2583
276B,S2583,S2438
276B,S2438,S1123
276B,S1123,T75
277A,T2470,S2589
277A,S2589,S2590
277A,S2590,S2591
277A,S2591,S2592
277A,S2592,S928
277A,S928,S2594
277A,S2594,S2595
277B,T2596,S998
277B,S998,S2599
277B,S2599,S2600
277B,S2600,S2468
277B,S2468,S2488
277B,S2488,S2583
277B,S2583,S1123
277B,S1123,S2608
277B,S2608,T2470
278A,T1009,S2612
278A,S2612,S2613
278A,S2613,S2614
278A,S2614,S2615
278A,S2615,T2616
278B,T2616,T2619
281A,T75,S2622
281A,S2622,S947
281A,S947,S949
281A,S949,S950
281A,S950,S2627
281A,S2627,S2628
281A,S2628,T953
281B,T953,S2632
281B,S2632,S1122
281B,S1122,S2634
281B,S2634,S2635
281B,S2635,S2636
281B,S2636,S2637
281B,S2637,T75
282A,T2470,S2641
282A,S2641,S2082
282A,S2082,T2643
282B,T2643,S2646
282B,S2646,S2647
282B,S2647,S2649
282B,S2649,S2650
282B,S2650,S2652
282B,S2652,S2488
282B,S2488,S2438
282B,S2438,S2409
282B,S2409,T75
283A,T75,S1011
283A,S1011,S1018
283A,S1018,S2664
283A,S2664,S2665
283A,S2665,S2666
283A,S2666,S925
283A,S925,S2668
283A,S2668,S2669
283A,S2669,S2318
283A,S2318,S2672
283A,S2672,S2673
283A,S2673,T2674
283B,T2674,S2677
283B,S2677,S1025
283B,S1025,T75
284A,T75,S2682
284A,S2682,S2683
284A,S2683,T2684
286A,T75,S2687
286A,S2687,T2688
286B,T2688,T75
287A,T75,T2694
287B,T2695,S2697
287B,S2697,T75
288A,T75,S2702
288A,S2702,S43
288A,S43,T1492
288B,T1492,S2707
288B,S2707,S2708
288B,S2708,T75
290A,T75,S1979
290A,S1979,S1949
290A,S1949,T211
290B,T211,S958
290B,S958,T75
291A,T75,S2721
291A,S2721,T2497
291B,T2497,S2468
291B,S2468,T75
293A,T75,S2495
293A,S2495,S2730
293A,S2730,S2731
293A,S2731,T2732
293B,T2732,S2735
293B,S2735,S2409
293B,S2409,T75
295A,T75,S949
295A,S949,T2741
295B,T2741,T75
296A,T75,S949
296A,S949,S2748
296A,S2748,T953
296B,T953,S2752
296B,S2752,S2634
296B,S2634,T75
298A,T2187,S2757
298A,S2757,S2758
298A,S2758,S551
298A,S551,S2760
298A,S2760,S2194
298A,S2194,S2763
298A,S2763,S2764
298A,S2764,T2196
298B,T2196,S2768
298B,S2768,S2769
298B,S2769,S1340
298B,S1340,S2773
298B,S2773,S2775
298B,S2775,S1337
298B,S1337,S564
298B,S564,S566
298B,S566,S569
298B,S569,S2782
298B,S2782,S2784
298B,S2784,T2187
299A,T2497,S2788
299A,S2788,S2790
299A,S2790,S1530
299A,S1530,S2792
299A,S2792,T0
299B,T0,S2796
299B,S2796,S2797
299B,S2797,S2799
299B,S2799,S2801
299B,S2801,S2802
299B,S2802,S2803
299B,S2803,S1001
299B,S1001,T2497
300A,T2497,S2808
300A,S2808,S2809
300A,S2809,S2810
300A,S2810,S2811
300A,S2811,S2812
300A,S2812,T0
300B,T0,S78
300B,S78,S2818
300B,S2818,S2819
300B,S2819,T2497
301A,T2497,S2823
301A,S2823,S2824
301A,S2824,S2825
301A,S2825,S99
301A,S99,S907
301A,S907,S102
301A,S102,T103
302A,T2497,S1717
302A,S1717,S2836
302A,S2836,S2837
302A,S2837,T2838
302B,T2838,S2841
302B,S2841,S111
302B,S111,S2843
302B,S2843,S2178
302B,S2178,S2803
302B,S2803,T2497
303A,T2497,S2849
303A,S2849,S1717
303A,S1717,S2851
303A,S2851,S2852
303A,S2852,S1754
303A,S1754,S1954
303A,S1954,T1957
303B,T1957,S1769
303B,S1769,S1961
303B,S1961,S1705
303B,S1705,S1772
303B,S1772,S1350
303B,S1350,S1023
303B,S1023,S2178
303B,S2178,T2497
305A,T75,S6251
305A,S6251,S6252
305A,S6252,S1925
305A,S1925,S6254
305A,S6254,S1923
305A,S1923,S6258
305A,S6258,S2052
305A,S2052,S1880
305A,S1880,S6262
305A,S6262,S6263
305A,S6263,S2375
305A,S2375,S210
305B,S6266,S2468
305B,S2468,S2583
305B,S2583,T75
306A,T2497,S1223
306A,S1223,S117
306A,S117,T118
307A,T470,S552
307A,S552,S2879
307A,S2879,T2880
307B,T2880,S564
307B,S564,S2885
307B,S2885,S2886
307B,S2886,T470
308A,T470,S205
308A,S205,T113
308B,T113,S2895
308B,S2895,S2896
308B,S2896,S2897
308B,S2897,T470
309A,T470,S2901
309A,S2901,S1387
309A,S1387,S2903
309A,S2903,S2904
309A,S2904,T1044
309B,T1044,S561
309B,S561,S1337
309B,S1337,S2911
309B,S2911,S2897
309B,S2897,T470
310A,T470,S1530
310A,S1530,S2925
310A,S2925,T0
310B,T0,S231
310B,S231,S1039
310B,S1039,S2938
310B,S2938,T470
311A,T470,S235
311A,S235,S2943
311A,S2943,S238
311A,S238,S2945
311A,S2945,T244
311B,T244,S2949
311B,S2949,S2950
311B,S2950,S2951
311B,S2951,S2952
311B,S2952,S2953
311B,S2953,S2954
311B,S2954,S2955
311B,S2955,S2956
311B,S2956,S1337
311B,S1337,S2958
311B,S2958,S2897
311B,S2897,T470
313A,T2838,S2963
313A,S2963,T2964
313B,T2964,S874
313B,S874,T2838
314A,T2838,S2971
314A,S2971,S853
314A,S853,S2974
314A,S2974,S2975
314A,S2975,S2976
314A,S2976,T251
314B,T232,S2355
314B,S2355,S2981
314B,S2981,S2982
314B,S2982,S2357
314B,S2357,T2838
317A,T2838,T0
317B,T0,S2991
317B,S2991,T2838
318A,T2838,S1993
318A,S1993,S2335
318A,S2335,S2998
318A,S2998,S3000
318A,S3000,S3001
318A,S3001,S2522
318A,S2522,S3003
318A,S3003,S3004
318A,S3004,S2523
318A,S2523,S3007
318A,S3007,S3008
318A,S3008,S278
318A,S278,S280
318A,S280,S282
318A,S282,T534
321A,T2838,S3016
321A,S3016,S722
321A,S722,S3020
321A,S3020,S726
321A,S726,S3022
321A,S3022,T3023
321B,T3023,S3026
321B,S3026,S3027
321B,S3027,S3028
321B,S3028,S3030
321B,S3030,S3032
321B,S3032,S3034
321B,S3034,S3035
321B,S3035,S3036
321B,S3036,S682
321B,S682,S3039
321B,S3039,S3040
322A,T2838,S3043
322A,S3043,S1927
322A,S1927,S3046
322A,S3046,T113
322B,T113,S3050
322B,S3050,S1350
322B,S1350,S3053
322B,S3053,S3055
322B,S3055,T2838
324A,T2838,S1732
324A,S1732,S3060
324A,S3060,S3061
324A,S3061,T3062
324B,T3062,S3065
324B,S3065,T2838
325A,T2838,S3069
325A,S3069,S3070
325A,S3070,T2062
325B,T2062,S3074
325B,S3074,S874
325B,S874,T2838
326A,T2838,S1732
326A,S1732,S3081
326A,S3081,S3082
326A,S3082,S3083
326A,S3083,S3085
326A,S3085,T865
326B,T865,S3089
326B,S3089,S3090
326B,S3090,S3092
326B,S3092,S3074
326B,S3074,S3094
326B,S3094,T2838
328A,T2838,S3098
328A,S3098,T3099
328B,T3099,T2838
331A,T0,S3105
331A,S3105,S3106
331A,S3106,S3107
331A,S3107,S3108
331A,S3108,S238
331A,S238,T3110
331B,T244,S35
331B,S35,S3114
331B,S3114,T0
333A,T0,S2522
333A,S2522,S3004
333A,S3004,S2523
333A,S2523,S1573
333A,S1573,S278
333A,S278,S3124
333A,S3124,S2528
333A,S2528,S286
333A,S286,T288
333B,T288,S682
333B,S682,S335
333B,S335,S3137
333B,S3137,T0
334A,T0,S3142
334A,S3142,S509
334A,S509,S833
334A,S833,S3146
334A,S3146,S3147
334A,S3147,S3148
334A,S3148,S3149
334A,S3149,T3150
334B,T3150,S3153
334B,S3153,S3155
334B,S3155,S3156
334B,S3156,S301
334B,S301,S303
334B,S303,S306
334B,S306,S752
334B,S752,S3162
334B,S3162,T0
336A,T0,S3166
336A,S3166,S3167
336A,S3167,S144
336A,S144,S3169
336A,S3169,S3170
336A,S3170,S3171
336A,S3171,T147
336B,T147,S3176
336B,S3176,S3177
336B,S3177,T0
337A,T0,T3182
337B,T679,S3185
337B,S3185,S684
337B,S684,S3137
337B,S3137,T0
338A,T0,S3192
338A,S3192,T3193
339A,T0,T534
339B,T534,T0
342A,T0,S3202
342A,S3202,S3204
342A,S3204,T1742
342B,T1742,S3208
342B,S3208,S451
342B,S451,T0
343A,T0,S3213
343A,S3213,S3215
343A,S3215,S3216
343A,S3216,S3217
343A,S3217,S3218
343A,S3218,T3219
343B,T3219,S3222
343B,S3222,S3223
343B,S3223,T0
344A,T0,S3227
344A,S3227,S3228
344A,S3228,S3229
344A,S3229,T2062
344B,T2062,S3233
344B,S3233,S880
344B,S880,S881
344B,S881,T0
345A,T470,T251
345B,T232,S3243
345B,S3243,S2931
345B,S2931,T470
347A,T0,S3248
347A,S3248,T745
347B,T745,S3252
347B,S3252,T0
348A,T0,T3256
348B,T3256,S752
348B,S752,T0
349A,T0,S3263
349A,S3263,T3264
349B,T3264,T0
351A,T497,S517
351A,S517,S3271
351A,S3271,S494
351A,S494,S509
351A,S509,S3142
351A,S3142,S3277
351A,S3277,S3278
351A,S3278,S3279
351A,S3279,S393
351A,S393,S3281
351A,S3281,S3282
351A,S3282,S3283
351A,S3283,S3284
351A,S3284,T3285
351B,T3285,S3288
351B,S3288,S3290
351B,S3290,S3291
351B,S3291,S503
351B,S503,S3294
351B,S3294,S3295
351B,S3295,S3296
351B,S3296,T497
353A,T497,S3300
353A,S3300,S3301
353A,S3301,T3302
353B,T3302,S3305
356A,T558,S3308
356A,S3308,S552
356A,S552,S2194
356A,S2194,S551
356A,S551,S3313
356A,S3313,S3314
356A,S3314,S3315
356A,S3315,S3316
356A,S3316,S3317
356A,S3317,T251
356B,T251,S3321
356B,S3321,S569
356B,S569,S3323
356B,S3323,S2885
356B,S2885,S3326
356B,S3326,S3327
356B,S3327,T28
357A,T28,S3331
357A,S3331,T470
357B,T470,S3335
357B,S3335,T28
363A,T3337,S3339
363A,S3339,S3340
363A,S3340,S3341
363A,S3341,T75
363B,T75,S3345
363B,S3345,S3346
363B,S3346,S3347
363B,S3347,S3348
363B,S3348,S3349
363B,S3349,S3350
363B,S3350,S3351
363B,S3351,S3352
363B,S3352,T3337
366B,T54,S3357
366B,S3357,S32
366B,S32,S62
366B,S62,S3360
366B,S3360,S3361
366B,S3361,S3362
366B,S3362,T2688
367A,T2688,S3366
367A,S3366,T113
367B,T113,S3370
367B,S3370,S2799
367B,S2799,S3372
367B,S3372,S3373
367B,S3373,S3375
367B,S3375,S3377
367B,S3377,S1364
367B,S1364,S3380
367B,S3380,S3381
367B,S3381,S3382
367B,S3382,T2688
368A,T244,S3386
368A,S3386,S3387
368A,S3387,S2194
368A,S2194,S551
368A,S551,T1328
368B,T1328,S3393
368B,S3393,S3394
368B,S3394,S3395
368B,S3395,T244
369A,T244,S2673
369A,S2673,S1312
369A,S1312,S1313
369A,S1313,S3402
369A,S3402,T883
369B,T883,S3406
369B,S3406,S3407
369B,S3407,S3408
369B,S3408,T244
373A,T244,S3412
373A,S3412,S3413
373A,S3413,S2191
373A,S2191,S3415
373A,S3415,S3416
373A,S3416,T2187
373B,T2187,S3420
373B,S3420,S569
373B,S569,S2958
373B,S2958,S3424
373B,S3424,S3425
373B,S3425,S3426
373B,S3426,S3427
373B,S3427,S3395
373B,S3395,T244
376A,T244,S3433
376A,S3433,S3434
376A,S3434,S3435
376A,S3435,S3436
376A,S3436,S3437
376A,S3437,S2195
376A,S2195,S553
376A,S553,S3441
376A,S3441,S3442
376A,S3442,T3443
376B,T3443,S1336
376B,S1336,S1336
376B,S1336,S1337
376B,S1337,S1339
376B,S1339,S561
376B,S561,S3451
376B,S3451,S3453
376B,S3453,S3454
376B,S3454,S3455
376B,S3455,S3427
376B,S3427,S3458
376B,S3458,S3395
376B,S3395,T244
377A,T5685,S5687
377A,S5687,S5688
377A,S5688,S831
377A,S831,S833
377A,S833,S834
377A,S834,S3147
377A,S3147,S5694
377A,S5694,S5695
377A,S5695,T798
377B,T798,S5699
377B,S5699,S5700
377B,S5700,S801
377B,S801,S5702
377B,S5702,S5703
377B,S5703,S3153
377B,S3153,S5705
377B,S5705,S5706
377B,S5706,S300
377B,S300,S5710
377B,S5710,S5712
377B,S5712,S5713
377B,S5713,S5714
377B,S5714,S5715
377B,S5715,S504
377B,S504,S684
377B,S684,S486
377B,S486,S5721
377B,S5721,T0
378A,T0,S5726
378A,S5726,S3752
378A,S3752,S1891
378A,S1891,S5730
378A,S5730,S1892
378A,S1892,S5733
378A,S5733,S5734
378A,S5734,T5735
378B,T3757,S1747
378B,S1747,S5739
378B,S5739,S3760
378B,S3760,S879
378B,S879,S880
378B,S880,S5746
378B,S5746,T0
380A,T0,S829
380A,S829,S831
380A,S831,S5752
380A,S5752,S5753
380A,S5753,T5754
380B,T835,S5757
380B,S5757,S302
380B,S302,S5712
380B,S5712,S5760
380B,S5760,S304
380B,S304,S5762
380B,S5762,S842
380B,S842,S523
380B,S523,S2352
380B,S2352,S5769
380B,S5769,S5770
380B,S5770,T0
381A,T5772,T448
381B,T448,S5777
381B,S5777,S451
381B,S451,S5779
381B,S5779,T0
383A,T244,S3464
383A,S3464,S3465
383A,S3465,S3466
383A,S3466,S3467
383A,S3467,T679
383B,T679,S3185
383B,S3185,S3472
383B,S3472,S3473
383B,S3473,S3474
383B,S3474,T244
384A,T244,S3478
384A,S3478,S722
384A,S722,S3020
384A,S3020,S726
384A,S726,S727
384A,S727,T745
384B,T745,S3486
384B,S3486,S3487
384B,S3487,S2547
384B,S2547,S2026
384B,S2026,S3490
384B,S3490,T244
385A,T2616,S3494
385A,S3494,S2879
385A,S2879,T2880
385B,T2880,S3499
385B,S3499,S3500
385B,S3500,S1336
385B,S1336,S1337
385B,S1337,T2616
386A,T2616,S2220
386A,S2220,S1570
386A,S1570,S2523
386A,S2523,S3512
386A,S3512,S1573
386A,S1573,S278
386A,S278,S282
386A,S282,S2528
386A,S2528,S286
386A,S286,S3519
386A,S3519,T288
386B,T288,S3523
386B,S3523,S3524
386B,S3524,S1580
386B,S1580,S1582
386B,S1582,S3527
386B,S3527,S2540
386B,S2540,S3529
386B,S3529,S1585
386B,S1585,S3531
386B,S3531,T2616
387A,T2616,S3535
387A,S3535,S2220
387A,S2220,S1570
387A,S1570,S3539
387A,S3539,S3540
387A,S3540,S3541
387A,S3541,T3542
387B,T3542,S3545
387B,S3545,S3546
387B,S3546,S3547
387B,S3547,S3548
387B,S3548,S3305
387B,S3305,S3552
387B,S3552,S332
387B,S332,S1586
387B,S1586,S2547
387B,S2547,S1588
387B,S1588,S1337
387B,S1337,T2616
388A,T2616,S3565
388A,S3565,S3567
388A,S3567,S3568
388A,S3568,S99
388A,S99,S3570
388A,S3570,S3572
388A,S3572,T103
388B,T103,S3576
388B,S3576,S1768
388B,S1768,S1772
388B,S1772,S110
388B,S110,S1350
388B,S1350,S3584
388B,S3584,S3585
388B,S3585,T2616
389A,T2616,S2220
389A,S2220,S1570
389A,S1570,S2523
389A,S2523,S3512
389A,S3512,S1573
389A,S1573,S278
389A,S278,T534
389B,T534,S3601
389B,S3601,S2885
389B,S2885,S1336
389B,S1336,S3326
389B,S3326,S1337
389B,S1337,T2616
391A,T2616,S3609
391A,S3609,T136
391B,T136,T195
393A,T136,S235
393A,S235,S3617
393A,S3617,S239
393A,S239,T244
393B,T244,S3622
393B,S3622,S3623
393B,S3623,S3426
393B,S3426,T136
394A,T136,S3628
394A,S3628,S3629
394A,S3629,S3630
394A,S3630,S3632
394A,S3632,S3634
394A,S3634,S3635
394A,S3635,S3636
394A,S3636,S3637
394A,S3637,T679
394B,T679,S3641
394B,S3641,S3642
394B,S3642,S3643
394B,S3643,T136
395A,T136,S3647
395A,S3647,S3649
395A,S3649,S3651
395A,S3651,T1043
395B,T1044,S2028
395B,S2028,S3657
395B,S3657,S3658
395B,S3658,T136
397A,T136,S2523
397A,S2523,S3663
397A,S3663,S3664
397A,S3664,T534
397B,T534,S3668
397B,S3668,T136
398A,T136,S3672
398A,S3672,S3674
398A,S3674,S3675
398A,S3675,S3676
398A,S3676,T679
398B,T679,S3032
398B,S3032,S3642
398B,S3642,S3682
398B,S3682,S1606
398B,S1606,S3684
398B,S3684,T136
399A,T136,S3688
399A,S3688,S3689
399A,S3689,T251
399B,T251,S3693
399B,S3693,S569
399B,S569,S3696
399B,S3696,S3682
399B,S3682,T136
400A,T136,S552
400A,S552,S553
400A,S553,S3704
400A,S3704,S3705
400A,S3705,S468
400A,S468,S3708
400A,S3708,S3709
400A,S3709,S466
400A,S466,T3711
400B,T3711,S1336
400B,S1336,S3715
400B,S3715,S3682
400B,S3682,S3684
400B,S3684,T136
401A,T136,S551
401A,S551,S482
401A,S482,S3725
401A,S3725,S3726
401A,S3726,T448
401B,T448,S3730
401B,S3730,S3732
401B,S3732,S2357
401B,S2357,S486
401B,S486,S2356
401B,S2356,S1331
401B,S1331,S569
401B,S569,S567
401B,S567,S3741
401B,S3741,T136
402A,T136,S3745
402A,S3745,S482
402A,S482,S3748
402A,S3748,S3750
402A,S3750,S3751
402A,S3751,S3752
402A,S3752,S1890
402A,S1890,S1891
402A,S1891,S2
402A,S2,T3757
402B,T3757,S3760
402B,S3760,S880
402B,S880,S3040
402B,S3040,S3162
402B,S3162,S752
402B,S752,S569
402B,S569,S567
402B,S567,S3642
402B,S3642,S3682
402B,S3682,S1606
402B,S1606,T136
403A,T136,S3777
403A,S3777,S3778
403A,S3778,T113
403B,T113,S3783
403B,S3783,T136
404A,T136,S574
404A,S574,S3788
404A,S3788,S3284
404A,S3284,T3790
404B,T3790,S3793
404B,S3793,S3794
404B,S3794,S566
404B,S566,S3323
404B,S3323,S3642
404B,S3642,T136
405A,T136,T0
405B,T0,S3642
405B,S3642,T136
406A,S4187,S4188
406A,S4188,S4189
406A,S4189,S4190
406A,S4190,S4191
406A,S4191,S4192
406A,S4192,S99
406A,S99,S102
406A,S102,T103
406A,T103,T136
406A,T136,S1600
406A,S1600,S3810
406A,S3810,S551
406A,S551,S3813
406A,S3813,S3814
406A,S3814,S480
406A,S480,S853
406A,S853,S2335
406A,S2335,S1993
406A,S1993,S3819
406A,S3819,S3820
406A,S3820,S3821
406A,S3821,S3823
406A,S3823,S3824
406A,S3824,S3825
406A,S3825,T1957
406B,T103,T1099
406B,T1099,T1957
406B,T1957,S3829
406B,S3829,S3760
406B,S3760,S880
406B,S880,S3833
406B,S3833,S3835
406B,S3835,S1331
406B,S1331,S3642
406B,S3642,S3839
406B,S3839,T136
408A,T136,S415
408A,S415,S417
408A,S417,S629
408A,S629,T3846
409A,T136,S551
409A,S551,S3851
409A,S3851,S853
409A,S853,S3854
409A,S3854,S3856
409A,S3856,S3751
409A,S3751,S3070
409A,S3070,S3083
409A,S3083,S1734
409A,S1734,T865
409B,T865,S3092
409B,S3092,S3868
409B,S3868,S2357
409B,S2357,S2357
409B,S2357,S486
409B,S486,S487
409B,S487,S1331
409B,S1331,S3876
409B,S3876,S3682
409B,S3682,S3684
409B,S3684,T136
410A,T136,S3882
410A,S3882,S3884
410A,S3884,S3885
410A,S3885,S3886
410A,S3886,S1111
410A,S1111,S3888
410A,S3888,S2401
410A,S2401,S3891
410A,S3891,T2404
410B,T2404,S3895
410B,S3895,S3897
410B,S3897,S3899
410B,S3899,S3584
410B,S3584,S3585
410B,S3585,T136
412A,T136,S3906
412A,S3906,S3907
412A,S3907,T3908
412B,T900,S3911
412B,S3911,S3912
412B,S3912,S3783
412B,S3783,T136
414A,T136,S3917
414A,S3917,S1570
414A,S1570,S3919
414A,S3919,S1573
414A,S1573,S278
414A,S278,S282
414A,S282,T534
414B,T534,S3926
414B,S3926,S3927
414B,S3927,S3642
414B,S3642,S3839
414B,S3839,S3682
414B,S3682,S1606
414B,S1606,S3684
414B,S3684,S1609
414B,S1609,T136
414B,T136,S3642
415A,T136,S2510
415A,S2510,S3942
415A,S3942,S3943
415A,S3943,S3944
415A,S3944,S3946
415A,S3946,T3948
415B,T3948,S3951
415B,S3951,S3952
415B,S3952,S3953
415B,S3953,S3954
415B,S3954,S3956
415B,S3956,S3957
415B,S3957,S3958
415B,S3958,S782
415B,S782,S3927
415B,S3927,S3642
415B,S3642,S3682
415B,S3682,S1606
415B,S1606,T136
416A,T2086,S3968
416A,S3968,S3970
416A,S3970,S3972
416A,S3972,S3973
416A,S3973,S3974
416A,S3974,S3975
416A,S3975,S3976
416A,S3976,S3977
416A,S3977,S3978
416A,S3978,T1184
416B,S3980,S3981
416B,S3981,S3982
416B,S3982,S3983
416B,S3983,S1188
416B,S1188,S3986
416B,S3986,S3988
416B,S3988,S3989
416B,S3989,S3990
416B,S3990,S3991
416B,S3991,T2086
417A,T136,S239
417A,S239,T244
417B,T244,S1464
417B,S1464,S4001
417B,S4001,S4002
417B,S4002,S4003
417B,S4003,S4004
417B,S4004,T136
419A,T4006,S4008
419A,S4008,S4009
419A,S4009,S4010
419A,S4010,S4011
419A,S4011,S4013
419A,S4013,S4014
419A,S4014,S4015
419A,S4015,S4016
419A,S4016,S4018
419A,S4018,T4020
419B,T4020,S4023
419B,S4023,S4024
419B,S4024,S4025
419B,S4025,S4026
419B,S4026,S4027
419B,S4027,S4029
419B,S4029,S4030
419B,S4030,S4031
419B,S4031,T1043
420A,T2086,S4035
420A,S4035,S4036
420A,S4036,S4037
420A,S4037,S4038
420A,S4038,S4039
420B,S1339,S4041
420B,S4041,S4042
420B,S4042,S4043
420B,S4043,T2086
421A,T1497,S4047
421A,S4047,T680
421B,T680,S4051
421B,S4051,S4052
421B,S4052,T1206
422A,T1043,S280
422A,S280,S282
422A,S282,S2528
422A,S2528,S286
422A,S286,S4062
422A,S4062,S4063
422A,S4063,T288
422B,T4065,S4067
422B,S4067,S1581
422B,S1581,S4069
422B,S4069,S1585
422B,S1585,S332
422B,S332,S1586
422B,S1586,S3487
422B,S3487,S1588
422B,S1588,S1589
422B,S1589,S1613
422B,S1613,T1206
423A,T4006,S4083
423A,S4083,S4085
423A,S4085,S4086
423A,S4086,T136
423B,T136,S4090
423B,S4090,S4091
423B,S4091,S4092
423B,S4092,T4006
424A,T4006,S4096
424A,S4096,S4097
424A,S4097,S4098
424A,S4098,S759
424A,S759,S760
424A,S760,S4101
424A,S4101,S4102
424A,S4102,S4104
424A,S4104,S4105
424A,S4105,S765
424A,S765,S766
424A,S766,T768
424B,T768,S4027
424B,S4027,S1613
424B,S1613,S1615
424B,S1615,S4116
424B,S4116,T4006
425A,T1043,S4120
425A,S4120,S4121
425A,S4121,S4122
425A,S4122,S4101
425A,S4101,S4102
425A,S4102,S765
425A,S765,S4127
425A,S4127,T768
425B,T768,S771
425B,S771,S4132
425B,S4132,S4134
425B,S4134,S4136
425B,S4136,S4137
425B,S4137,S773
425B,S773,S1613
425B,S1613,S2517
425B,S2517,T1206
428A,T1043,S4145
428A,S4145,S4146
428A,S4146,S4147
428A,S4147,S4148
428A,S4148,S759
428A,S759,S4150
428A,S4150,S4151
428A,S4151,S4152
428A,S4152,S4153
428A,S4153,T4154
428B,T4154,S4156
428B,S4156,S4027
428B,S4027,T1206
431A,T1206,S4162
431A,S4162,S914
431A,S914,T2497
431B,T2497,S937
431B,S937,S4168
431B,S4168,T1206
434A,T1099,S4172
434A,S4172,S4173
434A,S4173,T1896
434B,T1896,S4177
434B,S4177,S4179
434B,S4179,T1099
435A,T1099,S2823
435A,S2823,S4185
435A,S4185,S4186
435A,S4186,S4187
435A,S4187,S4188
435A,S4188,S4189
435A,S4189,S4190
435A,S4190,S4191
435A,S4191,S4192
435A,S4192,S99
435A,S99,S102
435A,S102,T103
435B,T103,T1099
436A,T1099,S4201
436A,S4201,S4202
436A,S4202,S4203
436A,S4203,T4204
436B,T4204,S4207
436B,S4207,S4208
436B,S4208,S4209
436B,S4209,T1099
437A,T1099,T4214
437B,T4214,S1705
437B,S1705,T1099
438A,T1099,S4221
438A,S4221,S4222
438A,S4222,S2668
438A,S2668,S4224
438A,S4224,S4225
438A,S4225,S1166
438A,S1166,T244
438B,T244,S4230
438B,S4230,S1777
438B,S1777,S4232
438B,S4232,S1668
438B,S1668,S1025
438B,S1025,S1102
438B,S1102,S2165
438B,S2165,T1099
441A,T4238,S2212
441A,S2212,T183
441A,T183,S4242
441B,T183,T4238
442A,T4238,T2022
442B,T2022,T4238
443A,T4238,S4254
443A,S4254,T4255
443B,T4255,T4238
444A,T4259,S4261
444A,S4261,S4263
444A,S4263,S4265
444A,S4265,S1313
444A,S1313,S4268
444A,S4268,S4269
444A,S4269,T883
444B,T54,S4273
444B,S4273,S2094
444B,S2094,S2096
444B,S2096,S2097
444B,S2097,S4278
444B,S4278,S4279
444B,S4279,S4280
444B,S4280,S2578
444B,S2578,S4283
444B,S4283,S4284
444B,S4284,T4259
445A,T4259,S4261
445A,S4261,S2288
445A,S2288,S2289
445A,S2289,S4292
445A,S4292,S3884
445A,S3884,S2133
445A,S2133,S4296
445A,S4296,T1043
445B,T1206,S4300
445B,S4300,S4301
445B,S4301,S4302
445B,S4302,S214
445B,S214,S2096
445B,S2096,S2097
445B,S2097,S4278
445B,S4278,S2311
445B,S2311,S2578
445B,S2578,S4310
445B,S4310,T4259
446A,T4259,S4314
446A,S4314,S4315
446A,S4315,S2288
446A,S2288,S4317
446A,S4317,S4319
446A,S4319,S4320
446A,S4320,S4320
446A,S4320,S4322
446A,S4322,S4323
446A,S4323,T75
446B,T75,S2093
446B,S2093,S2094
446B,S2094,S4329
446B,S4329,S4330
446B,S4330,S2096
446B,S2096,S4333
446B,S4333,S4278
446B,S4278,S4279
446B,S4279,S2578
446B,S2578,S4284
446B,S4284,T4259
447A,T4259,S4346
447A,S4346,S4261
447A,S4261,S4317
447A,S4317,S1164
447A,S1164,S4352
447A,S4352,S1166
447A,S1166,T244
447B,T244,S937
447B,S937,S1001
447B,S1001,S4360
447B,S4360,S4361
447B,S4361,S214
447B,S214,S2097
447B,S2097,S4278
447B,S4278,S4279
447B,S4279,S2578
447B,S2578,S4284
447B,S4284,T4259
449A,T132,S4373
449A,S4373,S4374
449A,S4374,S1297
449A,S1297,T75
449B,T75,S4378
449B,S4378,T132
452A,T132,S4382
452A,S4382,S4383
452A,S4383,S4384
452A,S4384,S4386
452A,S4386,S4388
452A,S4388,T75
452B,T75,S1238
452B,S1238,S4393
452B,S4393,S4394
452B,S4394,S4395
452B,S4395,S4378
452B,S4378,S4397
452B,S4397,S4398
452B,S4398,T132
454A,T1442,S4402
454A,S4402,T1206
454B,T1043,S1613
454B,S1613,S4408
454B,S4408,S4409
454B,S4409,S4410
454B,S4410,S4411
454B,S4411,S4412
454B,S4412,T1442
455A,T1442,S4416
455A,S4416,S4417
455A,S4417,S3649
455A,S3649,S4421
455A,S4421,S4422
455A,S4422,T75
455B,T75,S4427
455B,S4427,S4409
455B,S4409,S4410
455B,S4410,T1442
455B,T1442,S4427
456A,T1442,S1069
456A,S1069,S4437
456A,S4437,S4438
456A,S4438,S1568
456A,S1568,S2220
456A,S2220,S1570
456A,S1570,S2523
456A,S2523,S4446
456A,S4446,S4447
456A,S4447,S278
456A,S278,S280
456A,S280,S282
456A,S282,T534
456B,T534,S3527
456B,S3527,S1584
456B,S1584,S1585
456B,S1585,S3487
456B,S3487,S2547
456B,S2547,S4463
456B,S4463,S4465
456B,S4465,S4466
456B,S4466,S4467
456B,S4467,S4468
456B,S4468,S4469
456B,S4469,S4470
456B,S4470,S1188
456B,S1188,S3986
456B,S3986,S3989
456B,S3989,S1189
456B,S1189,S4478
456B,S4478,T1442
458A,T3443,S4482
458A,S4482,S4483
458A,S4483,S206
458A,S206,T113
458B,T113,S4488
458B,S4488,S4489
458B,S4489,S2199
458B,S2199,S1336
458B,S1336,S2885
458B,S2885,T3443
463A,T1146,S4162
463A,S4162,S914
463A,S914,S4499
463A,S4499,S4501
463A,S4501,S927
463A,S927,T916
463B,T916,S4506
463B,S4506,S1000
463B,S1000,S1153
463B,S1153,S937
463B,S937,S4511
463B,S4511,S4512
463B,S4512,T1146
467A,T3099,S4516
467A,S4516,S2371
467A,S2371,T4518
467B,T4518,S1320
467B,S1320,T3099
468A,T3099,S4525
468A,S4525,S4526
468A,S4526,S4527
468A,S4527,T4528
468B,T4528,S4531
468B,S4531,T3099
469A,T3099,S4101
469A,S4101,S4536
469A,S4536,T768
469B,T768,S4540
469B,S4540,S4541
469B,S4541,S4543
469B,S4543,S4544
469B,S4544,S4545
469B,S4545,T3099
470A,T3099,T4549
470B,T4549,S4552
470B,S4552,S4553
470B,S4553,S4554
470B,S4554,S4545
470B,S4545,T3099
472A,T4557,S4559
472A,S4559,S4560
472A,S4560,S4561
472A,S4561,S4562
472A,S4562,S4564
472A,S4564,S4565
472A,S4565,T4566
472B,T4566,S4569
472B,S4569,S1320
472B,S1320,S4572
472B,S4572,S4573
472B,S4573,T4557
473A,T4557,S4577
473A,S4577,S4578
473A,S4578,S4579
473A,S4579,S4580
473A,S4580,S4581
473A,S4581,S4582
473A,S4582,T893
473B,T893,S1321
473B,S1321,S1320
473B,S1320,S4589
473B,S4589,T4557
474A,T4557,S914
474A,S914,S4596
474A,S4596,T4598
474B,T4598,S4601
474B,S4601,T4557
476A,T4557,S914
476A,S914,S928
476A,S928,S993
476A,S993,T994
476B,T994,S999
476B,S999,S1153
476B,S1153,S1001
476B,S1001,S937
476B,S937,S1003
476B,S1003,S4512
476B,S4512,T4557
480A,T4623,S4625
480A,S4625,S4626
480A,S4626,S4627
480A,S4627,S4628
480A,S4628,S4626
480A,S4626,S2289
480A,S2289,S2296
480A,S2296,S2566
480A,S2566,S2472
480A,S2472,S4635
480A,S4635,S981
480A,S981,S1313
480A,S1313,S4638
480A,S4638,S4639
480A,S4639,T54
480B,T54,S4643
480B,S4643,S4644
480B,S4644,S4645
480B,S4645,S4646
480B,S4646,T4623
485A,T2431,S915
485A,S915,S1164
485A,S1164,S2318
485A,S2318,T1146
485B,T1146,S1001
485B,S1001,S1153
485B,S1153,S4658
485B,S4658,S2468
485B,S2468,S4661
485B,S4661,S4662
485B,S4662,S4663
485B,S4663,S4664
485B,S4664,S4665
485B,S4665,S4666
485B,S4666,T2431
486A,T2431,S4670
486A,S4670,S4671
486A,S4671,S4672
486A,S4672,S4673
486A,S4673,S4674
486A,S4674,S4675
486A,S4675,S914
486A,S914,T1146
486B,T1146,S1153
486B,S1153,S2652
486B,S2652,S2468
486B,S2468,S4683
486B,S4683,S4684
486B,S4684,S4663
486B,S4663,S4686
486B,S4686,S4665
486B,S4665,S4689
486B,S4689,T2431
488A,T2404,S2401
488A,S2401,S4694
488A,S4694,S4696
488A,S4696,S1110
488A,S1110,S4699
488A,S4699,S2136
488A,S2136,S4701
488A,S4701,S4702
488A,S4702,S4703
488A,S4703,T1081
488B,T1081,S4707
488B,S4707,S4708
488B,S4708,S2583
488B,S2583,S4710
488B,S4710,S4711
488B,S4711,S4712
488B,S4712,S4713
488B,S4713,S4714
488B,S4714,T4715
490A,T2404,S4718
490A,S4718,S4719
490A,S4719,S4083
490A,S4083,S2508
490A,S2508,T136
490B,T136,S1023
490B,S1023,S4727
490B,S4727,S4729
490B,S4729,S4731
490B,S4731,S4711
490B,S4711,S4734
490B,S4734,S4735
490B,S4735,S4714
490B,S4714,S4739
490B,S4739,T4715
492A,T75,S4743
492A,S4743,S4744
492A,S4744,S1992
492A,S1992,S4747
492A,S4747,S4749
492A,S4749,S3171
492A,S3171,S146
492A,S146,T4753
492B,T4753,S4756
492B,S4756,S4758
492B,S4758,S1239
492B,S1239,S4760
492B,S4760,T75
520A,T244,S4764
520A,S4764,S914
520A,S914,S4501
520A,S4501,S4769
520A,S4769,S4771
520A,S4771,S4772
520A,S4772,S4773
520A,S4773,S928
520A,S928,S991
520A,S991,T994
520B,T994,S934
520B,S934,S1000
520B,S1000,S1153
520B,S1153,S937
520B,S937,S4784
520B,S4784,S4573
520B,S4573,S4786
520B,S4786,S4554
520B,S4554,T244
521A,T244,S4792
521A,S4792,S885
521A,S885,S4577
521A,S4577,S4559
521A,S4559,S4797
521A,S4797,S4580
521A,S4580,S4562
521A,S4562,S4564
521A,S4564,S890
521A,S890,S891
521A,S891,S4806
521A,S4806,T893
521B,T893,S4810
521B,S4810,S896
521B,S896,S1322
521B,S1322,S4813
521B,S4813,S1320
521B,S1320,S4815
521B,S4815,S4816
521B,S4816,S4817
521B,S4817,S4554
521B,S4554,T244
522A,T244,S4822
522A,S4822,S4823
522A,S4823,S4824
522A,S4824,S4825
522A,S4825,S2401
522A,S2401,S2403
522A,S2403,T2404
522B,T2404,S4831
522B,S4831,S2437
522B,S2437,S2468
522B,S2468,S4834
522B,S4834,S937
522B,S937,S4554
522B,S4554,T244
523A,T244,S4840
523A,S4840,S4841
523A,S4841,S4842
523A,S4842,S4843
523A,S4843,S4844
523A,S4844,S4845
523A,S4845,T4847
523B,T4847,S4850
523B,S4850,S4851
523B,S4851,S4852
523B,S4852,S4853
523B,S4853,S4855
523B,S4855,S4856
523B,S4856,S4857
523B,S4857,S4858
523B,S4858,T244
524A,T244,S4863
524A,S4863,S2666
524A,S2666,S914
524A,S914,S927
524A,S927,S928
524A,S928,S991
524A,S991,S4869
524A,S4869,S4870
524A,S4870,S4871
524A,S4871,T4872
524B,T1137,S4875
524B,S4875,S4876
524B,S4876,S934
524B,S934,S1000
524B,S1000,S1001
524B,S1001,S937
524B,S937,T244
535A,T4715,S4884
535A,S4884,S4870
535A,S4870,S4869
535A,S4869,S991
535A,S991,S2472
535A,S2472,S4635
535A,S4635,S1313
535A,S1313,S4638
535A,S4638,T54
535B,T54,S4895
535B,S4895,S2468
535B,S2468,S4897
535B,S4897,S4898
535B,S4898,S1845
535B,S1845,S4900
535B,S4900,T4715
536A,T4715,S4904
536A,S4904,S4906
536A,S4906,S915
536A,S915,S925
536A,S925,S4911
536A,S4911,T1081
536B,T1081,S4915
536B,S4915,S1000
536B,S1000,S4917
536B,S4917,S998
536B,S998,S934
536B,S934,S1179
536B,S1179,S4922
536B,S4922,S4924
536B,S4924,T4715
538A,T4715,S4929
538A,S4929,S4931
538A,S4931,S4932
538A,S4932,T75
538B,T75,S2583
538B,S2583,S2488
538B,S2488,S2437
538B,S2437,S4900
538B,S4900,S4922
538B,S4922,S4943
538B,S4943,S4944
538B,S4944,S4924
538B,S4924,S4947
538B,S4947,S4948
538B,S4948,T4715
539A,T4715,S4952
539A,S4952,S4953
539A,S4953,S4954
539A,S4954,S4870
539A,S4870,S4956
539A,S4956,S4319
539A,S4319,S4958
539A,S4958,S4960
539A,S4960,T1206
539B,T1206,S4964
539B,S4964,S4965
539B,S4965,S4966
539B,S4966,S4967
539B,S4967,S4968
539B,S4968,S4900
539B,S4900,S4922
539B,S4922,S4944
539B,S4944,S4924
539B,S4924,S4947
539B,S4947,S4948
539B,S4948,T4715
540A,T4977,S2455
540A,S2455,T212
540B,T212,T4977
542A,T4977,S2590
542A,S2590,S2472
542A,S2472,S4988
542A,S4988,S2474
542A,S2474,S2731
542A,S2731,S890
542A,S890,S4993
542A,S4993,T894
542B,T894,S4506
542B,S4506,S2600
542B,S2600,S2437
542B,S2437,T4977
543A,T4977,S5004
543A,S5004,S4190
543A,S4190,S904
543A,S904,S5007
543A,S5007,S100
543A,S100,S907
543A,S907,S102
543A,S102,T103
543B,T103,S5014
543B,S5014,S5016
543B,S5016,S5018
543B,S5018,S5020
543B,S5020,S1768
543B,S1768,S5022
543B,S5022,S1772
543B,S1772,S5025
544A,T4977,S5028
544A,S5028,S2641
544A,S2641,S4675
544A,S4675,S4771
544A,S4771,T2497
544B,T2497,S2488
544B,S2488,T4977
990A,T1043,S5083
990A,S5083,S5084
990A,S5084,S3341
990A,S3341,S1925
990A,S1925,S2370
990A,S2370,S5088
990A,S5088,S1792
990A,S1792,T5090
994A,T3099,S4564
994A,S4564,S890
994A,S890,T893
994B,T893,S5098
994B,S5098,S5099
994B,S5099,S5100
994B,S5100,S5101
994B,S5101,S5102
994B,S5102,S4816
994B,S4816,T3099
995A,T244,S2452
995A,S2452,S5108
995A,S5108,S5109
995A,S5109,S2401
995A,S2401,S4932
995A,S4932,S5112
995A,S5112,T4715
995B,T4715,S4714
995B,S4714,S5117
995B,S5117,S5118
995B,S5118,S4712
995B,S4712,S2437
995B,S2437,S1153
995B,S1153,S5124
995B,S5124,S5126
995B,S5126,S4573
995B,S4573,S4816
995B,S4816,S4786
995B,S4786,S4554
995B,S4554,T244
996A,T1601,S5136
996A,S5136,S2510
996A,S2510,S4085
996A,S4085,S5139
996A,S5139,S5140
996A,S5140,S5141
996A,S5141,T1043
996B,T4006,S1612
996B,S1612,S3657
996B,S3657,S5148
996B,S5148,S3682
996B,S3682,T1601
997A,T1206,S5152
997A,S5152,S1431
997A,S1431,T132
997B,T132,T1325
997B,T1325,T1416
998A,T1558,S719
998A,S719,S5162
998A,S5162,T679
998B,T679,S5166
998B,S5166,S4051
998B,S4051,S4052
998B,S4052,T1503
999A,T0,S5172
999A,S5172,S1734
999A,S1734,T865
999B,T865,S868
999B,S868,S5178
999B,S5178,S877
999B,S877,S880
999B,S880,S881
999B,S881,T0