stop,route
S5624,002A
S3975,002A
S3974,002A
S5627,002A
S5628,002A
S5629,002A
S1069,002A
S5631,002A
T1442,002A
S5635,002B
S1189,002B
S3989,002B
S3986,002B
S1188,002B
S1187,002B
S5641,002B
S5642,002B
S5644,002B
T5622,002B
S5784,003A
S5785,003A
S5786,003A
S5788,003A
S5789,003A
S5790,003A
S5791,003A
S5793,003A
S5794,003A
S5795,003A
S5796,003A
T5797,003A
S5800,003B
S5801,003B
S5802,003B
S5803,003B
S5805,003B
S5807,003B
T5622,003B
S5904,004A
S5905,004A
S5906,004A
S719,004A
S5908,004A
T679,004A
S5912,004B
S684,004B
T0,004B
S2,005A
S3,005A
S4,005A
S5,005A
S6,005A
T7,005A
S10,005B
S11,005B
S12,005B
S13,005B
S14,005B
S15,005B
S17,005B
S19,005B
T0,005B
S6095,006A
S6097,006A
S6098,006A
S6099,006A
S6100,006A
S3630,006A
S6102,006A
S6104,006A
S6105,006A
T5548,006A
S6109,006B
S6110,006B
S6111,006B
S6112,006B
S6113,006B
S6115,006B
S6116,006B
S6117,006B
S732,006B
S684,006B
T0,006B
S6144,007A
S696,007A
S700,007A
T702,007A
S6150,007B
S6151,007B
S6153,007B
S6155,007B
S19,007B
S3730,007B
T0,007B
S6162,008A
S6164,008A
S6164,008A
S6165,008A
S6166,008A
S6167,008A
S725,008A
S726,008A
T6170,008A
S5912,008B
S6173,008B
S6174,008B
T0,008B
S5435,009A
S415,009A
S417,009A
S630,009A
S6184,009A
S346,009A
S6186,009A
S6188,009A
S635,009A
S6190,009A
S6191,009A
S6192,009A
S6194,009A
S6195,009A
S6196,009A
S6197,009A
S6198,009A
S6200,009A
S6201,009A
S6202,009A
T6203,009A
S6206,009B
S6207,009B
S6208,009B
S352,009B
S6211,009B
S6001,009B
S5357,009B
T0,009B
S6219,010A
S415,010A
S629,010A
T3846,010A
S14,010B
S15,010B
S380,010B
S6229,010B
S6231,010B
T0,010B
S5870,011A
S5260,011A
S6238,011A
S6240,011A
S216,011A
T1043,011A
S6246,011B
S6247,011B
T0,011B
S1530,012A
S5259,012A
S5260,012A
S5262,012A
S5263,012A
S1527,012A
S216,012A
T1325,012A
S5269,012B
S5271,012B
S32,012B
S1535,012B
S34,012B
T0,012B
S5279,013A
S1530,013A
S1527,013A
S5283,013A
T1043,013A
S5288,013B
S5289,013B
S5290,013B
S5291,013B
S1535,013B
T5296,013B
S853,014A
S5300,014A
S216,014A
S254,014A
T1043,014A
S5310,014B
S5312,014B
S5314,014B
S5315,014B
S1370,014B
S5318,014B
S5320,014B
S5321,014B
S5323,014B
T0,014B
S5327,015A
S5328,015A
S5188,015A
S5331,015A
S5332,015A
S3284,015A
S5335,015A
S5336,015A
S5337,015A
S5338,015A
S5339,015A
S5340,015A
S5341,015A
S5342,015A
T5343,015A
S5346,015B
S5347,015B
S5078,015B
S5349,015B
S3288,015B
S5246,015B
S5246,015B
S5249,015B
S5355,015B
S5356,015B
S5357,015B
T0,015B
S5361,016A
S5362,016A
S415,016A
S417,016A
S5368,016A
S345,016A
T5371,016A
S352,016B
S5375,016B
S14,016B
S5378,016B
S380,016B
S384,016B
S5382,016B
S5384,016B
T0,016B
S5389,017A
S3751,017A
S5392,017A
S4189,017A
S3565,017A
S4190,017A
S5398,017A
S5400,017A
S5401,017A
S99,017A
S5403,017A
S5404,017A
S102,017A
S5407,017A
S879,017B
S880,017B
S3040,017B
S2823,018A
S5416,018A
S5417,018A
S904,018A
S5419,018A
S5420,018A
S5007,018A
S99,018A
S5423,018A
S5424,018A
T103,018A
S4179,018B
S3760,018B
S880,018B
S881,018B
T0,018B
S5435,019A
S5435,019A
S414,019A
S415,019A
S630,019A
S5441,019A
S346,019A
S635,019A
T638,019A
S5448,019B
S5449,019B
S5450,019B
S352,019B
S15,019B
S5357,019B
T0,019B
S5460,020A
S5260,020A
S465,020A
S5283,020A
S217,020A
S205,020A
S206,020A
S5468,020A
S229,020B
S5473,020B
S5474,020B
S241,020B
S5476,020B
S5478,020B
S5479,020B
S5482,021A
S5483,021A
S5485,021A
S5331,021A
S5487,021A
S574,021A
S3284,021A
S5491,021A
S5492,021A
S5338,021A
S5496,021B
S5246,021B
S5382,021B
S5502,021B
S5356,021B
S5505,021B
T0,021B
S1183,023A
S757,023A
S5535,023A
S5537,023A
S5535,023A
S4102,023A
S4104,023A
S5544,023A
S766,023A
T768,023A
S5550,023B
S5551,023B
S5552,023B
S682,023B
S335,023B
S684,023B
S486,023B
T0,023B
T5561,026A
S5564,026B
S5564,026B
S5568,026B
S231,026B
S5571,026B
S5572,026B
S5574,026B
S1728,026B
S5577,026B
T3099,026B
S5581,028A
S5583,028A
S5584,028A
S5585,028A
S5587,028A
S5589,028A
S5590,028A
S2790,028A
S5460,028A
T5593,028A
S5596,028B
S1366,028B
S5598,028B
S5599,028B
S5600,028B
S5602,028B
T1497,028B
S5606,029A
S41,029A
S43,029A
S5610,029A
S47,029A
S5613,029A
S5615,029A
T75,029A
S5619,029B
S81,029B
T21,029B
S23,030A
S24,030A
S25,030A
S26,030A
S27,030A
T28,030A
S31,030B
S32,030B
S33,030B
S34,030B
S35,030B
T37,030B
S3813,031A
S5649,031A
S5650,031A
S5652,031A
S2879,031A
T2880,031A
S684,031B
S5658,031B
S5659,031B
S5663,035A
S5664,035A
S5665,035A
S5666,035A
S5667,035A
T5668,035A
T5668,035B
S5672,035B
S5673,035B
S5674,035B
S5675,035B
S5677,035B
S5678,035B
S1695,035B
S5680,035B
S3177,035B
S5682,035B
S5683,035B
T0,035B
S40,036A
S41,036A
S42,036A
S43,036A
S44,036A
S46,036A
S47,036A
S49,036A
S50,036A
S51,036A
S52,036A
S53,036A
T54,036A
S57,036B
S58,036B
S33,036B
S60,036B
S34,036B
S62,036B
S63,036B
T0,036B
S5188,038A
S5189,038A
S5190,038A
S5192,038A
S5194,038A
S415,038A
S417,038A
S630,038A
S422,038B
S5202,038B
S5203,038B
S5204,038B
S5205,038B
S5206,038B
T0,038B
S5210,039A
S5211,039A
S5213,039A
S3061,039A
T5215,039A
S5218,039B
S5219,039B
S5220,039B
S880,039B
S5222,039B
T0,039B
S676,040A
T679,040A
S684,040B
S5231,040B
T0,040B
S5811,041A
S5812,041A
S5813,041A
S365,041A
S5815,041A
S5435,041A
S5817,041A
S5818,041A
S5820,041A
S5821,041A
T370,041A
S5825,041B
S369,041B
S5828,041B
S5829,041B
S378,041B
S380,041B
S620,041B
S5834,041B
S5357,041B
T0,041B
S67,043A
S68,043A
S69,043A
S70,043A
S71,043A
S72,043A
S73,043A
S74,043A
T75,043A
S78,043B
S79,043B
S80,043B
S81,043B
S82,043B
S33,043B
S60,043B
S62,043B
T0,043B
S3725,044A
S5840,044A
S5328,044A
S5842,044A
S5843,044A
S5844,044A
S5845,044A
S5847,044A
S3284,044A
S3284,044A
S5850,044A
T5241,044A
S5854,044B
S3288,044B
S5246,044B
S5246,044B
S5249,044B
S5382,044B
S5860,044B
S19,044B
S5356,044B
S5863,044B
T0,044B
S5867,046A
S5868,046A
S5869,046A
S5870,046A
S5871,046A
T0,046A
S5876,046B
S5877,046B
S5878,046B
S5880,046B
S5881,046B
S5882,046B
S57,046B
S5885,046B
S5886,046B
T75,046B
S3882,048A
S3884,048A
S5892,048A
S4162,048A
S914,048A
S1830,048A
T2497,048A
S2799,048B
S1535,048B
T0,048B
S5917,050A
S5918,050A
S5919,050A
S5921,050A
T5922,050A
S5925,050B
S5926,050B
S5927,050B
S5928,050B
S5929,050B
S1960,050B
S4179,050B
S5933,050B
S3760,050B
S880,050B
T0,050B
S1672,051A
S1673,051A
S5943,051A
S5944,051A
S1677,051A
S5946,051A
S5947,051A
S5949,051A
S1682,051A
S5951,051A
S5952,051A
S5953,051A
T5954,051A
S5957,051B
S1697,051B
S5959,051B
S5680,051B
S5962,051B
S5963,051B
S5964,051B
S5965,051B
S5966,051B
T0,051B
S5970,052A
S5435,052A
S5972,052A
S415,052A
S582,052A
S5977,052A
S5978,052A
S5979,052A
S591,052A
S5981,052A
S593,052A
S595,052A
S596,052A
T5985,052A
S5988,052B
S5989,052B
S5990,052B
S5991,052B
S14,052B
S5994,052B
S5203,052B
S15,052B
S5998,052B
S620,052B
S6001,052B
S19,052B
S6003,052B
T0,052B
S6007,055A
S2225,055A
S4145,055A
S4146,055A
S6012,055A
S6014,055A
S6015,055A
S1069,055A
S6017,055A
T1442,055A
S6021,055B
S1188,055B
S6024,055B
S6025,055B
S3162,055B
T0,055B
S3213,056A
S3215,056A
S6032,056A
S3217,056A
S6034,056A
S6035,056A
S6036,056A
T3219,056A
S6040,056B
S6041,056B
S5965,056B
S3177,056B
S881,056B
T0,056B
S3166,058A
S3217,058A
S6053,058A
S6054,058A
S1734,058A
S6057,058A
S6059,058A
S6060,058A
T6061,058A
S6064,058B
S6065,058B
S6066,058B
S6067,058B
S6068,058B
T0,058B
S2194,061A
S553,061A
S6076,061A
S6077,061A
S5513,061A
S2943,061A
S6081,061A
S238,061A
S6083,061A
T244,061A
S567,061B
S569,061B
S6089,061B
S6091,061B
T1328,061B
S91,064A
S92,064A
S94,064A
S95,064A
S96,064A
S97,064A
S98,064A
S99,064A
S100,064A
S101,064A
S102,064A
T103,064A
S106,064B
S108,064B
S109,064B
S110,064B
S111,064B
T89,064B
S115,065A
S116,065A
S117,065A
T118,065A
S121,065B
S122,065B
S123,065B
T132,065B
S135,066A
T136,066A
T133,066B
S142,067A
S143,067A
S144,067A
S145,067A
S146,067A
S150,067B
S151,067B
S152,067B
S153,067B
T113,067B
S157,070A
S158,070A
S160,070A
S161,070A
S162,070A
S164,070A
S165,070A
S166,070A
S167,070A
T168,070A
S171,070B
S172,070B
S173,070B
S175,070B
S177,070B
S179,070B
S180,070B
S181,070B
T155,070B
T183,070B
S187,071A
T183,071A
S179,071B
S192,071B
S193,071B
T155,071B
T197,072A
S200,072B
T201,072B
S204,074A
S205,074A
S206,074A
S207,074A
S210,075A
T211,075A
S214,075B
T208,075B
S3944,076A
S6125,076A
S6126,076A
S2879,076A
T2880,076A
S566,076B
S567,076B
S569,076B
S6136,076B
S6138,076B
S6139,076B
S6140,076B
T251,076B
S217,078A
S219,078A
S205,078A
S222,078A
S206,078A
T113,078A
S227,078B
S228,078B
S229,078B
S231,078B
T232,078B
S235,079A
S237,079A
S238,079A
S239,079A
T240,079A
S242,079B
S243,079B
T244,079B
S246,079B
S247,079B
S243,079B
S249,079B
T232,079B
S216,080A
S254,080A
S222,080A
S206,080A
T225,080A
S261,080B
S262,080B
S263,080B
S231,080B
S241,080B
S267,080B
S268,080B
S243,080B
T251,080B
S205,081A
T251,081A
S276,081A
S277,081A
S278,081A
S280,081A
S282,081A
S283,081A
S285,081A
S286,081A
S287,081A
T288,081A
S291,081B
S292,081B
S293,081B
S294,081B
S296,081B
S297,081B
S299,081B
S300,081B
S301,081B
S302,081B
S303,081B
S304,081B
S305,081B
S306,081B
T251,081B
S310,082A
S312,082A
S313,082A
S314,082A
S315,082A
S316,082A
T317,082A
S320,082B
S321,082B
S171,082B
S323,082B
S173,082B
S326,082B
S327,082B
S329,082B
S181,082B
S332,082B
S334,082B
S335,082B
S243,082B
T251,082B
S340,084A
S341,084A
S342,084A
S345,084A
S346,084A
S347,084A
T349,084A
S352,084B
S353,084B
T232,084B
S357,085A
T358,085A
S361,085B
T232,085B
S365,088A
S367,088A
S368,088A
S369,088A
T370,088A
S373,088B
S375,088B
S376,088B
S378,088B
S380,088B
S382,088B
S384,088B
S385,088B
S387,088B
T251,088B
S3814,090A
S480,090A
S5044,090A
S5047,090A
S5048,090A
S5049,090A
T118,090A
S5053,090B
S5054,090B
S3040,090B
S3162,090B
S243,090B
T251,090B
S5063,092A
S5064,092A
S5065,092A
S5067,092A
S5069,092A
S5070,092A
S5071,092A
S5072,092A
T5073,092A
S5076,092B
S5077,092B
S5078,092B
S5079,092B
T251,092B
S391,093A
S392,093A
S393,093A
S394,093A
S395,093A
S396,093A
S397,093A
T398,093A
S402,093B
S403,093B
S405,093B
S406,093B
S408,093B
S410,093B
S411,093B
T251,093B
S414,094A
S415,094A
S417,094A
T418,094A
S421,094B
S422,094B
S423,094B
S14,094B
S427,094B
S384,094B
S385,094B
S431,094B
T251,094B
S436,095A
S437,095A
S438,095A
S440,095A
S441,095A
S442,095A
S443,095A
S444,095A
S445,095A
S446,095A
S447,095A
T448,095A
S451,095B
S453,095B
S455,095B
S456,095B
S457,095B
S458,095B
S431,095B
T251,095B
S465,096A
S466,096A
S467,096A
S468,096A
T470,096A
S242,096B
S475,096B
S243,096B
T251,096B
S480,098A
S482,098A
T0,098A
S486,098B
S487,098B
S243,098B
T251,098B
S493,099A
S494,099A
S495,099A
T497,099A
S500,099B
S501,099B
S503,099B
S504,099B
S505,099B
T251,099B
S509,100A
S494,100A
S512,100A
S514,100A
S516,100A
S517,100A
T497,100A
S503,100B
S522,100B
S523,100B
T251,100B
S528,102A
S529,102A
S530,102A
S531,102A
S532,102A
S533,102A
T534,102A
S304,102B
S539,102B
S504,102B
S543,102B
S523,102B
T251,102B
S550,103A
S551,103A
S552,103A
S553,103A
S554,103A
S555,103A
S27,103A
S557,103A
T558,103A
S561,103B
S562,103B
S563,103B
S564,103B
S566,103B
S567,103B
S569,103B
S570,103B
T251,103B
S574,104A
S575,104A
S576,104A
S414,104A
S415,104A
S415,104A
S581,104A
S582,104A
S583,104A
S585,104A
S587,104A
S588,104A
S590,104A
S591,104A
S592,104A
S593,104A
S594,104A
S595,104A
S596,104A
T597,104A
S600,104B
S601,104B
S602,104B
S603,104B
S605,104B
S606,104B
S607,104B
S608,104B
S609,104B
S611,104B
S613,104B
S614,104B
S14,104B
S14,104B
S617,104B
S380,104B
S620,104B
S385,104B
S623,104B
T251,104B
S415,105A
S417,105A
S629,105A
S630,105A
S631,105A
S633,105A
S635,105A
S636,105A
S637,105A
T638,105A
S641,105B
S642,105B
S643,105B
S645,105B
S646,105B
S647,105B
S648,105B
S649,105B
S651,105B
S352,105B
S422,105B
S14,105B
S658,105B
S659,105B
S660,105B
S620,105B
S662,105B
S623,105B
T251,105B
S365,107A
T668,107A
S385,107B
T232,107B
S676,112A
S677,112A
S678,112A
T679,112A
S682,112B
S684,112B
T685,112B
S688,114A
S690,114A
S691,114A
S436,114A
S694,114A
S695,114A
S696,114A
S698,114A
S700,114A
S701,114A
T702,114A
S705,114B
S706,114B
S378,114B
S378,114B
S709,114B
S711,114B
S385,114B
S662,114B
S715,114B
T251,114B
S719,116A
S720,116A
S722,116A
S724,116A
S725,116A
S726,116A
S727,116A
T728,116A
S731,116B
S732,116B
S733,116B
S684,116B
S243,116B
T251,116B
S739,117A
S740,117A
S722,117A
S743,117A
S744,117A
T745,117A
S748,117B
S749,117B
S750,117B
S732,117B
S752,117B
S243,117B
T251,117B
S757,118A
S758,118A
S759,118A
S760,118A
S761,118A
S762,118A
S763,118A
S764,118A
S765,118A
S766,118A
T767,118A
S770,118B
S771,118B
S772,118B
S773,118B
S774,118B
S775,118B
S775,118B
S777,118B
S779,118B
S780,118B
S781,118B
S782,118B
S783,118B
S569,118B
S785,118B
T251,118B
S789,120A
S791,120A
S792,120A
S793,120A
S794,120A
S795,120A
S796,120A
S797,120A
T798,120A
S801,120B
S802,120B
S803,120B
S804,120B
S805,120B
S805,120B
S807,120B
S808,120B
S809,120B
S300,120B
S301,120B
S302,120B
S304,120B
S815,120B
S816,120B
S817,120B
S523,120B
S819,120B
S820,120B
S821,120B
T232,120B
S825,121A
S826,121A
S828,121A
S829,121A
S830,121A
S831,121A
S832,121A
S833,121A
S834,121A
T835,121A
S838,121B
S304,121B
S539,121B
S842,121B
S306,121B
T232,121B
S847,122A
S480,122A
S482,122A
S853,122A
S855,122A
S855,122A
S855,122A
S860,122A
S861,122A
S863,122A
S864,122A
T865,122A
S868,122B
S869,122B
S870,122B
S871,122B
S872,122B
S874,122B
S876,122B
S877,122B
S879,122B
S880,122B
S881,122B
T251,122B
S436,123A
S5063,123A
S3284,123A
S5064,123A
T5241,123A
S3288,123B
S3288,123B
S5246,123B
S5248,123B
S5249,123B
S709,123B
S385,123B
S431,123B
T251,123B
S885,139A
S887,139A
S888,139A
S889,139A
S890,139A
S891,139A
S892,139A
T893,139A
S896,139B
S897,139B
S898,139B
S899,139B
T900,139B
S91,140A
S904,140A
S99,140A
S100,140A
S907,140A
S908,140A
S102,140A
T103,140A
S913,143A
S914,143A
S915,143A
T916,143A
S919,143B
S920,143B
T883,143B
S925,144A
S926,144A
S927,144A
S928,144A
S929,144A
S930,144A
T931,144A
S934,144B
S936,144B
S937,144B
S920,144B
S899,144B
S941,144B
T883,144B
S945,146A
S946,146A
S947,146A
S949,146A
S950,146A
S951,146A
S952,146A
T953,146A
S956,146B
S957,146B
S958,146B
S960,146B
S962,146B
S964,146B
S965,146B
T54,146B
S969,147A
S970,147A
S971,147A
S972,147A
S973,147A
S974,147A
S975,147A
S976,147A
T977,147A
T883,149A
S981,149A
S982,149A
S925,149A
S984,149A
S985,149A
S914,149A
S987,149A
S927,149A
S928,149A
S991,149A
S992,149A
S993,149A
T994,149A
S997,149B
S998,149B
S999,149B
S1000,149B
S1001,149B
S937,149B
S1003,149B
S898,149B
S1005,149B
S899,149B
S1007,149B
T883,149B
S1011,155A
S1013,155A
S1014,155A
S1015,155A
S925,155A
T1017,155A
S1018,155A
S1022,155B
S1023,155B
S1025,155B
T75,155B
S217,156A
S205,156A
S1032,156A
S206,156A
T113,156A
S1037,156B
S1038,156B
S1039,156B
T1028,156B
T1043,157A
S1038,157B
T1028,157B
S468,159A
S1051,159A
S1052,159A
T1053,159A
S1056,159B
S1057,159B
T1048,159B
S1061,163A
S1062,163A
S1064,163A
S1065,163A
S1067,163A
S1068,163A
S1069,163A
S1070,163A
S1071,163A
T244,163A
S1075,163B
S1076,163B
S1077,163B
S1078,163B
S1079,163B
T1059,163B
S945,164A
T1009,164A
S965,164B
S1088,164B
S1007,164B
T1081,164B
S1093,165A
S1094,165A
S1095,165A
S1096,165A
S1097,165A
T1098,165A
S1101,165B
S1102,165B
S1103,165B
S965,165B
S1105,165B
S1106,165B
T1081,165B
S1110,166A
S1111,166A
S1112,166A
S947,166A
S949,166A
S950,166A
S1117,166A
T953,166A
S1121,166B
S1122,166B
S1123,166B
S1125,166B
T1081,166B
S1129,167A
T75,167A
S1133,167B
S1135,167B
T1127,167B
S1139,170A
S914,170A
S925,170A
S1145,170A
T1146,170A
S1149,170B
S937,170B
S1153,170B
S1154,170B
S999,170B
T1161,170B
S1164,172A
S1166,172A
T244,172A
S1171,172B
S1173,172B
S1149,172B
S937,172B
S1001,172B
S998,172B
S934,172B
S1179,172B
T1180,172B
S1183,173A
T1184,173A
S1187,173B
S1188,173B
S1189,173B
S1191,173B
S1192,173B
S1193,173B
T1181,173B
S1197,174A
S1198,174A
S1199,174A
S1201,174A
S1202,174A
S1204,174A
S1205,174A
T1206,174A
S1209,174B
S1210,174B
S1212,174B
S1214,174B
T1215,174B
S1218,175A
S1220,175A
S1221,175A
S1222,175A
S1223,175A
S1224,175A
S1225,175A
S1221,175A
S1228,175A
S1229,175A
S1205,175A
T1206,175A
S1235,175B
S1236,175B
S1237,175B
S1238,175B
S1239,175B
S1240,175B
S1210,175B
S1243,175B
T1216,175B
S1228,176A
S43,176A
S1250,176A
S1251,176A
S1252,176A
S1205,176A
T1206,176A
S1235,176B
S1258,176B
S1238,176B
S1239,176B
S1240,176B
S1210,176B
S1243,176B
S1267,176B
S1269,176B
S1214,176B
S1271,176B
T1246,176B
S1276,177A
S1277,177A
S1278,177A
S1279,177A
S1280,177A
T113,177A
S1284,177B
S1285,177B
S1269,177B
T1195,177B
S1290,178A
S1291,178A
S1292,178A
S1293,178A
S1294,178A
S1295,178A
S74,178A
S1297,178A
T75,178A
S1301,178B
S1302,178B
S1303,178B
S1304,178B
S1305,178B
S1306,178B
T1288,178B
S891,185A
S981,185A
S1312,185A
S1313,185A
T900,185A
S1317,185B
S1318,185B
S1319,185B
S1320,185B
S1321,185B
S1322,185B
S1323,185B
T894,185B
S1327,186A
T1328,186A
S1331,186B
S1333,186B
S569,186B
S1336,186B
S1337,186B
S1338,186B
S1339,186B
S1340,186B
S1341,186B
T1043,186B
T1345,188A
S1348,188B
S1350,188B
S1102,188B
S152,188B
T1043,188B
S1357,192A
S1358,192A
S1359,192A
T1360,192A
S1363,192B
S1364,192B
S1366,192B
S1368,192B
S1369,192B
S1370,192B
T1043,192B
T1374,193A
S1377,193B
S1366,193B
S1379,193B
S1380,193B
S1381,193B
S1370,193B
T1043,193B
S1386,196A
S1387,196A
S1388,196A
S1389,196A
S1390,196A
T470,196A
S1394,196B
S1395,196B
S1396,196B
S1397,196B
T1043,196B
T1401,200A
T1043,200B
S1407,201A
S1408,201A
S1387,201A
T202,201A
S1413,201B
S1397,201B
T1325,201B
T1418,202A
T1043,202B
S1424,203(1)A
T132,203(1)A
T1043,203(1)B
S1431,203(2)A
T132,203(2)A
S1435,203(2)B
T1043,203(2)B
S1439,204A
S1441,204A
T1442,204A
T1043,204B
S1448,205A
S1449,205A
T1450,205A
T1043,205B
S1456,206A
S1457,206A
S1458,206A
S1449,206A
T1450,206A
S1463,206B
S1464,206B
S1465,206B
T1043,206B
S1469,207A
S237,207A
T1471,207A
S1474,207B
T1467,207B
S1478,208A
S1479,208A
T1442,208A
S1483,208B
T1416,208B
S1487,209A
S1489,209A
S44,209A
T1492,209A
S1370,209B
T1043,209B
T1499,210A
T1043,210B
S726,211A
T745,211A
S1509,211B
S1510,211B
T1043,211B
T244,212A
T1043,212B
S1520,214A
T1521,214A
T1467,214B
S1527,216A
S465,216A
S1530,216A
S1531,216A
T0,216A
S1535,216B
S1537,216B
S1539,216B
S241,216B
S1542,216B
T1043,216B
S1546,219A
S1547,219A
S465,219A
T0,219A
S82,219B
S1553,219B
S1370,219B
S1370,219B
T1043,219B
S1560,221A
S1562,221A
S1564,221A
S1566,221A
S1568,221A
S1570,221A
S1571,221A
S1572,221A
S1573,221A
S282,221A
S1575,221A
T534,221A
S1579,221B
S1580,221B
S1581,221B
S1582,221B
S1583,221B
S1584,221B
S1585,221B
S1586,221B
S1588,221B
S1589,221B
S1591,221B
S1592,221B
S1594,221B
T1558,221B
S1598,222A
S1599,222A
S1600,222A
T1601,222A
S1604,222B
S1606,222B
S1608,222B
S1609,222B
S1611,222B
S1612,222B
S1613,222B
S1615,222B
T1596,222B
S1619,223A
S1620,223A
S1621,223A
S1622,223A
S1623,223A
S1624,223A
S1625,223A
T1626,223A
S1629,223B
S1630,223B
S1632,223B
S1633,223B
S153,223B
S1636,223B
T113,223B
S1640,224A
S466,224A
S466,224A
S1643,224A
T1028,224A
S1647,224B
S1648,224B
S1649,224B
T113,224B
S1619,225A
S1620,225A
S1655,225A
T1656,225A
S1659,225B
S1660,225B
S1662,225B
S110,225B
S1350,225B
S1668,225B
T113,225B
S5510,226A
S1387,226A
S5513,226A
S27,226A
S26,226A
S2901,226A
S1388,226A
S5519,226A
S552,226A
S5521,226A
T3443,226A
S1336,226B
S200,226B
S5527,226B
T2196,226B
S1672,227A
S1673,227A
S1675,227A
S1677,227A
S1678,227A
S1680,227A
S1682,227A
T1684,227A
S1687,227B
S1688,227B
S1689,227B
S1690,227B
S1691,227B
S1693,227B
S1695,227B
S1697,227B
S1698,227B
S1699,227B
S1701,227B
S1703,227B
S1704,227B
S1705,227B
S111,227B
T113,227B
S1710,228A
S1713,228A
S1096,228A
S1129,228A
S1716,228A
S1717,228A
T1099,228A
S110,228B
S1723,228B
S111,228B
S1726,228B
S1728,228B
T113,228B
S1732,230A
S863,230A
S1734,230A
S864,230A
S1736,230A
S1737,230A
S1738,230A
S1739,230A
S1740,230A
S1741,230A
T1742,230A
S1745,230B
S1659,230B
S1747,230B
S1748,230B
S1749,230B
S1350,230B
T113,230B
S1754,231A
S1755,231A
S1757,231A
S1758,231A
S1759,231A
S1760,231A
S1761,231A
S1762,231A
T1763,231A
S1764,231A
S1767,231B
S1768,231B
S1769,231B
S1705,231B
S1772,231B
S110,231B
S1775,231B
S1776,231B
S1777,231B
S1778,231B
T113,231B
S278,232A
S282,232A
T534,232A
S1787,232B
S1788,232B
T1789,232B
S1792,235A
S1793,235A
S1754,235A
S1795,235A
S1796,235A
S1797,235A
S1798,235A
T251,235A
S1802,235B
S1803,235B
S1804,235B
S1769,235B
S1806,235B
S1807,235B
S1808,235B
S1810,235B
S1811,235B
S1813,235B
S1815,235B
S1816,235B
S1818,235B
S1820,235B
T211,235B
S210,236A
S2294,236A
S1830,236A
S981,236A
T1081,236A
S1022,236B
S1854,236B
S1855,236B
S1857,236B
S1858,236B
S1859,236B
S1815,236B
S1863,236B
S1865,236B
S1867,236B
S1869,236B
S1870,236B
S1872,236B
S1873,236B
T1874,236B
S1877,237A
S1878,237A
S1880,237A
S1881,237A
S1883,237A
S1885,237A
S1886,237A
S1887,237A
S1754,237A
S1890,237A
S1891,237A
S1892,237A
S1894,237A
T1895,237A
S1898,237B
S1899,237B
S1900,237B
S1806,237B
S1807,237B
S1808,237B
S1811,237B
S1813,237B
S1815,237B
S1816,237B
S1818,237B
T211,237B
S1918,238A
S1877,238A
S1880,238A
S1922,238A
S1923,238A
S1924,238A
S1925,238A
S1926,238A
S1927,238A
T1206,238A
S1931,238B
S1932,238B
S1933,238B
S1934,238B
S1811,238B
S1937,238B
S1813,238B
S1815,238B
S1816,238B
S1818,238B
S1820,238B
T211,238B
S1948,239A
S1949,239A
S1877,239A
S1878,239A
S1754,239A
S1954,239A
S1956,239A
T1957,239A
S1960,239B
S1961,239B
S1806,239B
S1963,239B
S1964,239B
S1811,239B
S1937,239B
S1813,239B
S1818,239B
S1971,239B
S1973,239B
T211,239B
S1949,240A
S1979,240A
S1877,240A
S1878,240A
S1880,240A
S1987,240A
S1923,240A
S1989,240A
S1990,240A
S117,240A
S1992,240A
S1993,240A
S151,240B
S1998,240B
S2000,240B
S2002,240B
S2003,240B
S2004,240B
S1811,240B
S1937,240B
S1813,240B
S1818,240B
S1820,240B
T211,240B
S2015,241A
S2016,241A
S2018,241A
S2019,241A
S2020,241A
T2021,241A
S332,241B
S1586,241B
S2026,241B
S1589,241B
S2028,241B
T1043,241B
S1878,242A
S1880,242A
S1987,242A
S1883,242A
S2037,242A
S2038,242A
T1099,242A
S1815,242B
S1818,242B
S1971,242B
T211,242B
S1878,243A
S1880,243A
S2052,243A
S1883,243A
S1792,243A
S2057,243A
S2059,243A
S1754,243A
S1732,243A
T2062,243A
S2065,243B
S2067,243B
S1808,243B
S2070,243B
S1811,243B
S1813,243B
S1818,243B
S1820,243B
S1971,243B
T211,243B
S2082,244A
S2083,244A
S1166,244A
T2086,244A
S1647,244B
S1648,244B
S1649,244B
T113,244B
T2086,244B
S1149,244B
S937,244B
S1153,244B
S1000,244B
S2093,244B
S2094,244B
S214,244B
S2096,244B
S2097,244B
T211,244B
S1949,246A
S1979,246A
S1877,246A
S1878,246A
S1880,246A
S2108,246A
S2109,246A
S1792,246A
S2111,246A
S1887,246A
S1754,246A
T2116,246A
S1769,246B
S1964,246B
S1869,246B
S1811,246B
S2125,246B
S1813,246B
S1815,246B
S1818,246B
S2129,246B
T211,246B
S2133,247A
S2134,247A
S2136,247A
T54,247A
S2140,247B
S2141,247B
S2142,247B
S2143,247B
T118,247B
S2147,248A
S2148,248A
S2149,248A
T113,248A
S1632,248B
S2154,248B
S2155,248B
S121,248B
T118,248B
T75,249A
S2163,249B
S2164,249B
S2165,249B
T2166,249B
S1276,251A
S2170,251A
S2171,251A
S206,251A
S2173,251A
T1146,251A
S2177,251B
S2178,251B
S2179,251B
S1102,251B
S2181,251B
S2165,251B
S2184,251B
S2185,251B
T118,251B
S2189,254A
S2190,254A
S2191,254A
S2192,254A
S2194,254A
S2195,254A
T2196,254A
S2199,254B
S2200,254B
S2201,254B
S564,254B
S566,254B
S569,254B
S2208,254B
T2187,254B
S2212,255A
S187,255A
S2020,255A
S2018,255A
S1570,255A
S2220,255A
S2221,255A
S2222,255A
S2224,255A
S2225,255A
T1206,255A
S1589,255B
S2231,255B
S2232,255B
S2233,255B
S2234,255B
S2235,255B
S1586,255B
S2237,255B
S2239,255B
S326,255B
S175,255B
T2210,255B
S2246,256A
S2247,256A
S316,256A
S167,256A
S165,256A
S162,256A
S187,256A
S2253,256A
S2254,256A
S2255,256A
S2256,256A
S1570,256A
S2220,256A
S2221,256A
S2262,256A
S2263,256A
S2222,256A
S2266,256A
S2268,256A
S2269,256A
S2271,256A
T244,256A
S2275,256B
S2276,256B
S171,256B
S2278,256B
S321,256B
S2280,256B
S2282,256B
S2283,256B
T2244,256B
S2287,260A
S2288,260A
S2289,260A
S2290,260A
S2291,260A
S210,260A
S2293,260A
S2294,260A
S2295,260A
S2296,260A
S2298,260A
S914,260A
S2300,260A
T2301,260A
S1003,260B
S1154,260B
S2093,260B
S2094,260B
S2308,260B
S2097,260B
S2311,260B
T2285,260B
S2315,262A
S2316,262A
S2289,262A
S2318,262A
S2300,262A
T2301,262A
S2323,262B
S2324,262B
T2313,262B
S2328,263A
S117,263A
S2330,263A
S2332,263A
S2333,263A
S2334,263A
S2335,263A
S853,263A
S2337,263A
S1798,263A
S2340,263A
S2341,263A
T2342,263A
S2345,263B
S504,263B
S306,263B
S2351,263B
S2352,263B
S2354,263B
S2355,263B
S2356,263B
S2357,263B
S2359,263B
S881,263B
S2362,263B
S2363,263B
S2364,263B
S2365,263B
S2366,263B
T2166,263B
S2370,264A
S2371,264A
S2373,264A
S1923,264A
S2375,264A
S1877,264A
S1949,264A
S2380,264A
T211,264A
S1818,264B
S1815,264B
S1863,264B
S2387,264B
S2388,264B
S2390,264B
S1933,264B
S2394,264B
S1932,264B
T2368,264B
S1111,265A
S2401,265A
S2403,265A
T2404,265A
S2407,265B
S2409,265B
S2410,265B
T75,265B
S2414,266A
T2415,266A
T75,266B
S2421,267A
S2422,267A
S2423,267A
S2424,267A
S2425,267A
S2426,267A
S2428,267A
S2429,267A
T2431,267A
S2434,267B
S2435,267B
S2436,267B
S2437,267B
S2438,267B
T75,267B
S2442,269A
S2443,269A
T1216,269A
S2447,269B
T75,269B
S2451,270A
S2452,270A
S2453,270A
S2454,270A
S2455,270A
S991,270A
S2457,270A
S2458,270A
S993,270A
T994,270A
S2463,270B
S2464,270B
S934,270B
S934,270B
S2467,270B
S2468,270B
T75,270B
S2472,271A
S2473,271A
S2474,271A
S2475,271A
S890,271A
S891,271A
T2478,271A
S2481,271B
S2482,271B
S2483,271B
S2484,271B
S2486,271B
S2487,271B
S2488,271B
S1123,271B
S2409,271B
T2470,271B
S2495,273A
T2496,273A
S2437,273B
S2488,273B
S2438,273B
S1123,273B
T2470,273B
S2508,274A
S2509,274A
S2510,274A
T1601,274A
S2515,274B
S2516,274B
S2517,274B
T75,274B
S2522,275A
S2523,275A
S1573,275A
S280,275A
S282,275A
S2528,275A
S286,275A
S2530,275A
T288,275A
S2534,275B
S294,275B
S2536,275B
S1581,275B
S2540,275B
S2541,275B
S1585,275B
S332,275B
S2547,275B
S1588,275B
S1589,275B
S1592,275B
S2555,275B
S2517,275B
S2559,275B
S2561,275B
S2562,275B
T75,275B
S2566,276A
S2567,276A
S2294,276A
S2293,276A
S210,276A
S2291,276A
S2289,276A
S2288,276A
T2575,276A
S2578,276B
S2311,276B
S2580,276B
S2437,276B
S2582,276B
S2583,276B
S2438,276B
S1123,276B
T75,276B
S2589,277A
S2590,277A
S2591,277A
S2592,277A
S928,277A
S2594,277A
S2595,277A
S998,277B
S2599,277B
S2600,277B
S2468,277B
S2488,277B
S2583,277B
S1123,277B
S2608,277B
T2470,277B
S2612,278A
S2613,278A
S2614,278A
S2615,278A
T2616,278A
T2619,278B
S2622,281A
S947,281A
S949,281A
S950,281A
S2627,281A
S2628,281A
T953,281A
S2632,281B
S1122,281B
S2634,281B
S2635,281B
S2636,281B
S2637,281B
T75,281B
S2641,282A
S2082,282A
T2643,282A
S2646,282B
S2647,282B
S2649,282B
S2650,282B
S2652,282B
S2488,282B
S2438,282B
S2409,282B
T75,282B
S1011,283A
S1018,283A
S2664,283A
S2665,283A
S2666,283A
S925,283A
S2668,283A
S2669,283A
S2318,283A
S2672,283A
S2673,283A
T2674,283A
S2677,283B
S1025,283B
T75,283B
S2682,284A
S2683,284A
T2684,284A
S2687,286A
T2688,286A
T75,286B
T2694,287A
S2697,287B
T75,287B
S2702,288A
S43,288A
T1492,288A
S2707,288B
S2708,288B
T75,288B
S1979,290A
S1949,290A
T211,290A
S958,290B
T75,290B
S2721,291A
T2497,291A
S2468,291B
T75,291B
S2495,293A
S2730,293A
S2731,293A
T2732,293A
S2735,293B
S2409,293B
T75,293B
S949,295A
T2741,295A
T75,295B
S949,296A
S2748,296A
T953,296A
S2752,296B
S2634,296B
T75,296B
S2757,298A
S2758,298A
S551,298A
S2760,298A
S2194,298A
S2763,298A
S2764,298A
T2196,298A
S2768,298B
S2769,298B
S1340,298B
S2773,298B
S2775,298B
S1337,298B
S564,298B
S566,298B
S569,298B
S2782,298B
S2784,298B
T2187,298B
S2788,299A
S2790,299A
S1530,299A
S2792,299A
T0,299A
S2796,299B
S2797,299B
S2799,299B
S2801,299B
S2802,299B
S2803,299B
S1001,299B
T2497,299B
S2808,300A
S2809,300A
S2810,300A
S2811,300A
S2812,300A
T0,300A
S78,300B
S2818,300B
S2819,300B
T2497,300B
S2823,301A
S2824,301A
S2825,301A
S99,301A
S907,301A
S102,301A
T103,301A
S1717,302A
S2836,302A
S2837,302A
T2838,302A
S2841,302B
S111,302B
S2843,302B
S2178,302B
S2803,302B
T2497,302B
S2849,303A
S1717,303A
S2851,303A
S2852,303A
S1754,303A
S1954,303A
T1957,303A
S1769,303B
S1961,303B
S1705,303B
S1772,303B
S1350,303B
S1023,303B
S2178,303B
T2497,303B
S6251,305A
S6252,305A
S1925,305A
S6254,305A
S1923,305A
S6258,305A
S2052,305A
S1880,305A
S6262,305A
S6263,305A
S2375,305A
S210,305A
S2468,305B
S2583,305B
T75,305B
S1223,306A
S117,306A
T118,306A
S552,307A
S2879,307A
T2880,307A
S564,307B
S2885,307B
S2886,307B
T470,307B
S205,308A
T113,308A
S2895,308B
S2896,308B
S2897,308B
T470,308B
S2901,309A
S1387,309A
S2903,309A
S2904,309A
T1044,309A
S561,309B
S1337,309B
S2911,309B
S2897,309B
T470,309B
S1530,310A
S2925,310A
T0,310A
S231,310B
S1039,310B
S2938,310B
T470,310B
S235,311A
S2943,311A
S238,311A
S2945,311A
T244,311A
S2949,311B
S2950,311B
S2951,311B
S2952,311B
S2953,311B
S2954,311B
S2955,311B
S2956,311B
S1337,311B
S2958,311B
S2897,311B
T470,311B
S2963,313A
T2964,313A
S874,313B
T2838,313B
S2971,314A
S853,314A
S2974,314A
S2975,314A
S2976,314A
T251,314A
S2355,314B
S2981,314B
S2982,314B
S2357,314B
T2838,314B
T0,317A
S2991,317B
T2838,317B
S1993,318A
S2335,318A
S2998,318A
S3000,318A
S3001,318A
S2522,318A
S3003,318A
S3004,318A
S2523,318A
S3007,318A
S3008,318A
S278,318A
S280,318A
S282,318A
T534,318A
S3016,321A
S722,321A
S3020,321A
S726,321A
S3022,321A
T3023,321A
S3026,321B
S3027,321B
S3028,321B
S3030,321B
S3032,321B
S3034,321B
S3035,321B
S3036,321B
S682,321B
S3039,321B
S3040,321B
S3043,322A
S1927,322A
S3046,322A
T113,322A
S3050,322B
S1350,322B
S3053,322B
S3055,322B
T2838,322B
S1732,324A
S3060,324A
S3061,324A
T3062,324A
S3065,324B
T2838,324B
S3069,325A
S3070,325A
T2062,325A
S3074,325B
S874,325B
T2838,325B
S1732,326A
S3081,326A
S3082,326A
S3083,326A
S3085,326A
T865,326A
S3089,326B
S3090,326B
S3092,326B
S3074,326B
S3094,326B
T2838,326B
S3098,328A
T3099,328A
T2838,328B
S3105,331A
S3106,331A
S3107,331A
S3108,331A
S238,331A
T3110,331A
S35,331B
S3114,331B
T0,331B
S2522,333A
S3004,333A
S2523,333A
S1573,333A
S278,333A
S3124,333A
S2528,333A
S286,333A
T288,333A
S682,333B
S335,333B
S3137,333B
T0,333B
S3142,334A
S509,334A
S833,334A
S3146,334A
S3147,334A
S3148,334A
S3149,334A
T3150,334A
S3153,334B
S3155,334B
S3156,334B
S301,334B
S303,334B
S306,334B
S752,334B
S3162,334B
T0,334B
S3166,336A
S3167,336A
S144,336A
S3169,336A
S3170,336A
S3171,336A
T147,336A
S3176,336B
S3177,336B
T0,336B
T3182,337A
S3185,337B
S684,337B
S3137,337B
T0,337B
S3192,338A
T3193,338A
T534,339A
T0,339B
S3202,342A
S3204,342A
T1742,342A
S3208,342B
S451,342B
T0,342B
S3213,343A
S3215,343A
S3216,343A
S3217,343A
S3218,343A
T3219,343A
S3222,343B
S3223,343B
T0,343B
S3227,344A
S3228,344A
S3229,344A
T2062,344A
S3233,344B
S880,344B
S881,344B
T0,344B
T251,345A
S3243,345B
S2931,345B
T470,345B
S3248,347A
T745,347A
S3252,347B
T0,347B
T3256,348A
S752,348B
T0,348B
S3263,349A
T3264,349A
T0,349B
S517,351A
S3271,351A
S494,351A
S509,351A
S3142,351A
S3277,351A
S3278,351A
S3279,351A
S393,351A
S3281,351A
S3282,351A
S3283,351A
S3284,351A
T3285,351A
S3288,351B
S3290,351B
S3291,351B
S503,351B
S3294,351B
S3295,351B
S3296,351B
T497,351B
S3300,353A
S3301,353A
T3302,353A
S3305,353B
S3308,356A
S552,356A
S2194,356A
S551,356A
S3313,356A
S3314,356A
S3315,356A
S3316,356A
S3317,356A
T251,356A
S3321,356B
S569,356B
S3323,356B
S2885,356B
S3326,356B
S3327,356B
T28,356B
S3331,357A
T470,357A
S3335,357B
T28,357B
S3339,363A
S3340,363A
S3341,363A
T75,363A
S3345,363B
S3346,363B
S3347,363B
S3348,363B
S3349,363B
S3350,363B
S3351,363B
S3352,363B
T3337,363B
S3357,366B
S32,366B
S62,366B
S3360,366B
S3361,366B
S3362,366B
T2688,366B
S3366,367A
T113,367A
S3370,367B
S2799,367B
S3372,367B
S3373,367B
S3375,367B
S3377,367B
S1364,367B
S3380,367B
S3381,367B
S3382,367B
T2688,367B
S3386,368A
S3387,368A
S2194,368A
S551,368A
T1328,368A
S3393,368B
S3394,368B
S3395,368B
T244,368B
S2673,369A
S1312,369A
S1313,369A
S3402,369A
T883,369A
S3406,369B
S3407,369B
S3408,369B
T244,369B
S3412,373A
S3413,373A
S2191,373A
S3415,373A
S3416,373A
T2187,373A
S3420,373B
S569,373B
S2958,373B
S3424,373B
S3425,373B
S3426,373B
S3427,373B
S3395,373B
T244,373B
S3433,376A
S3434,376A
S3435,376A
S3436,376A
S3437,376A
S2195,376A
S553,376A
S3441,376A
S3442,376A
T3443,376A
S1336,376B
S1336,376B
S1337,376B
S1339,376B
S561,376B
S3451,376B
S3453,376B
S3454,376B
S3455,376B
S3427,376B
S3458,376B
S3395,376B
T244,376B
S5687,377A
S5688,377A
S831,377A
S833,377A
S834,377A
S3147,377A
S5694,377A
S5695,377A
T798,377A
S5699,377B
S5700,377B
S801,377B
S5702,377B
S5703,377B
S3153,377B
S5705,377B
S5706,377B
S300,377B
S5710,377B
S5712,377B
S5713,377B
S5714,377B
S5715,377B
S504,377B
S684,377B
S486,377B
S5721,377B
T0,377B
S5726,378A
S3752,378A
S1891,378A
S5730,378A
S1892,378A
S5733,378A
S5734,378A
T5735,378A
S1747,378B
S5739,378B
S3760,378B
S879,378B
S880,378B
S5746,378B
T0,378B
S829,380A
S831,380A
S5752,380A
S5753,380A
T5754,380A
S5757,380B
S302,380B
S5712,380B
S5760,380B
S304,380B
S5762,380B
S842,380B
S523,380B
S2352,380B
S5769,380B
S5770,380B
T0,380B
T448,381A
S5777,381B
S451,381B
S5779,381B
T0,381B
S3464,383A
S3465,383A
S3466,383A
S3467,383A
T679,383A
S3185,383B
S3472,383B
S3473,383B
S3474,383B
T244,383B
S3478,384A
S722,384A
S3020,384A
S726,384A
S727,384A
T745,384A
S3486,384B
S3487,384B
S2547,384B
S2026,384B
S3490,384B
T244,384B
S3494,385A
S2879,385A
T2880,385A
S3499,385B
S3500,385B
S1336,385B
S1337,385B
T2616,385B
S2220,386A
S1570,386A
S2523,386A
S3512,386A
S1573,386A
S278,386A
S282,386A
S2528,386A
S286,386A
S3519,386A
T288,386A
S3523,386B
S3524,386B
S1580,386B
S1582,386B
S3527,386B
S2540,386B
S3529,386B
S1585,386B
S3531,386B
T2616,386B
S3535,387A
S2220,387A
S1570,387A
S3539,387A
S3540,387A
S3541,387A
T3542,387A
S3545,387B
S3546,387B
S3547,387B
S3548,387B
S3305,387B
S3552,387B
S332,387B
S1586,387B
S2547,387B
S1588,387B
S1337,387B
T2616,387B
S3565,388A
S3567,388A
S3568,388A
S99,388A
S3570,388A
S3572,388A
T103,388A
S3576,388B
S1768,388B
S1772,388B
S110,388B
S1350,388B
S3584,388B
S3585,388B
T2616,388B
S2220,389A
S1570,389A
S2523,389A
S3512,389A
S1573,389A
S278,389A
T534,389A
S3601,389B
S2885,389B
S1336,389B
S3326,389B
S1337,389B
T2616,389B
S3609,391A
T136,391A
T195,391B
S235,393A
S3617,393A
S239,393A
T244,393A
S3622,393B
S3623,393B
S3426,393B
T136,393B
S3628,394A
S3629,394A
S3630,394A
S3632,394A
S3634,394A
S3635,394A
S3636,394A
S3637,394A
T679,394A
S3641,394B
S3642,394B
S3643,394B
T136,394B
S3647,395A
S3649,395A
S3651,395A
T1043,395A
S2028,395B
S3657,395B
S3658,395B
T136,395B
S2523,397A
S3663,397A
S3664,397A
T534,397A
S3668,397B
T136,397B
S3672,398A
S3674,398A
S3675,398A
S3676,398A
T679,398A
S3032,398B
S3642,398B
S3682,398B
S1606,398B
S3684,398B
T136,398B
S3688,399A
S3689,399A
T251,399A
S3693,399B
S569,399B
S3696,399B
S3682,399B
T136,399B
S552,400A
S553,400A
S3704,400A
S3705,400A
S468,400A
S3708,400A
S3709,400A
S466,400A
T3711,400A
S1336,400B
S3715,400B
S3682,400B
S3684,400B
T136,400B
S551,401A
S482,401A
S3725,401A
S3726,401A
T448,401A
S3730,401B
S3732,401B
S2357,401B
S486,401B
S2356,401B
S1331,401B
S569,401B
S567,401B
S3741,401B
T136,401B
S3745,402A
S482,402A
S3748,402A
S3750,402A
S3751,402A
S3752,402A
S1890,402A
S1891,402A
S2,402A
T3757,402A
S3760,402B
S880,402B
S3040,402B
S3162,402B
S752,402B
S569,402B
S567,402B
S3642,402B
S3682,402B
S1606,402B
T136,402B
S3777,403A
S3778,403A
T113,403A
S3783,403B
T136,403B
S574,404A
S3788,404A
S3284,404A
T3790,404A
S3793,404B
S3794,404B
S566,404B
S3323,404B
S3642,404B
T136,404B
T0,405A
S3642,405B
T136,405B
S4188,406A
S4189,406A
S4190,406A
S4191,406A
S4192,406A
S99,406A
S102,406A
T103,406A
T136,406A
S1600,406A
S3810,406A
S551,406A
S3813,406A
S3814,406A
S480,406A
S853,406A
S2335,406A
S1993,406A
S3819,406A
S3820,406A
S3821,406A
S3823,406A
S3824,406A
S3825,406A
T1957,406A
T1099,406B
T1957,406B
S3829,406B
S3760,406B
S880,406B
S3833,406B
S3835,406B
S1331,406B
S3642,406B
S3839,406B
T136,406B
S415,408A
S417,408A
S629,408A
T3846,408A
S551,409A
S3851,409A
S853,409A
S3854,409A
S3856,409A
S3751,409A
S3070,409A
S3083,409A
S1734,409A
T865,409A
S3092,409B
S3868,409B
S2357,409B
S2357,409B
S486,409B
S487,409B
S1331,409B
S3876,409B
S3682,409B
S3684,409B
T136,409B
S3882,410A
S3884,410A
S3885,410A
S3886,410A
S1111,410A
S3888,410A
S2401,410A
S3891,410A
T2404,410A
S3895,410B
S3897,410B
S3899,410B
S3584,410B
S3585,410B
T136,410B
S3906,412A
S3907,412A
T3908,412A
S3911,412B
S3912,412B
S3783,412B
T136,412B
S3917,414A
S1570,414A
S3919,414A
S1573,414A
S278,414A
S282,414A
T534,414A
S3926,414B
S3927,414B
S3642,414B
S3839,414B
S3682,414B
S1606,414B
S3684,414B
S1609,414B
T136,414B
S3642,414B
S2510,415A
S3942,415A
S3943,415A
S3944,415A
S3946,415A
T3948,415A
S3951,415B
S3952,415B
S3953,415B
S3954,415B
S3956,415B
S3957,415B
S3958,415B
S782,415B
S3927,415B
S3642,415B
S3682,415B
S1606,415B
T136,415B
S3968,416A
S3970,416A
S3972,416A
S3973,416A
S3974,416A
S3975,416A
S3976,416A
S3977,416A
S3978,416A
T1184,416A
S3981,416B
S3982,416B
S3983,416B
S1188,416B
S3986,416B
S3988,416B
S3989,416B
S3990,416B
S3991,416B
T2086,416B
S239,417A
T244,417A
S1464,417B
S4001,417B
S4002,417B
S4003,417B
S4004,417B
T136,417B
S4008,419A
S4009,419A
S4010,419A
S4011,419A
S4013,419A
S4014,419A
S4015,419A
S4016,419A
S4018,419A
T4020,419A
S4023,419B
S4024,419B
S4025,419B
S4026,419B
S4027,419B
S4029,419B
S4030,419B
S4031,419B
T1043,419B
S4035,420A
S4036,420A
S4037,420A
S4038,420A
S4039,420A
S4041,420B
S4042,420B
S4043,420B
T2086,420B
S4047,421A
T680,421A
S4051,421B
S4052,421B
T1206,421B
S280,422A
S282,422A
S2528,422A
S286,422A
S4062,422A
S4063,422A
T288,422A
S4067,422B
S1581,422B
S4069,422B
S1585,422B
S332,422B
S1586,422B
S3487,422B
S1588,422B
S1589,422B
S1613,422B
T1206,422B
S4083,423A
S4085,423A
S4086,423A
T136,423A
S4090,423B
S4091,423B
S4092,423B
T4006,423B
S4096,424A
S4097,424A
S4098,424A
S759,424A
S760,424A
S4101,424A
S4102,424A
S4104,424A
S4105,424A
S765,424A
S766,424A
T768,424A
S4027,424B
S1613,424B
S1615,424B
S4116,424B
T4006,424B
S4120,425A
S4121,425A
S4122,425A
S4101,425A
S4102,425A
S765,425A
S4127,425A
T768,425A
S771,425B
S4132,425B
S4134,425B
S4136,425B
S4137,425B
S773,425B
S1613,425B
S2517,425B
T1206,425B
S4145,428A
S4146,428A
S4147,428A
S4148,428A
S759,428A
S4150,428A
S4151,428A
S4152,428A
S4153,428A
T4154,428A
S4156,428B
S4027,428B
T1206,428B
S4162,431A
S914,431A
T2497,431A
S937,431B
S4168,431B
T1206,431B
S4172,434A
S4173,434A
T1896,434A
S4177,434B
S4179,434B
T1099,434B
S2823,435A
S4185,435A
S4186,435A
S4187,435A
S4188,435A
S4189,435A
S4190,435A
S4191,435A
S4192,435A
S99,435A
S102,435A
T103,435A
T1099,435B
S4201,436A
S4202,436A
S4203,436A
T4204,436A
S4207,436B
S4208,436B
S4209,436B
T1099,436B
T4214,437A
S1705,437B
T1099,437B
S4221,438A
S4222,438A
S2668,438A
S4224,438A
S4225,438A
S1166,438A
T244,438A
S4230,438B
S1777,438B
S4232,438B
S1668,438B
S1025,438B
S1102,438B
S2165,438B
T1099,438B
S2212,441A
T183,441A
S4242,441A
T4238,441B
T2022,442A
T4238,442B
S4254,443A
T4255,443A
T4238,443B
S4261,444A
S4263,444A
S4265,444A
S1313,444A
S4268,444A
S4269,444A
T883,444A
S4273,444B
S2094,444B
S2096,444B
S2097,444B
S4278,444B
S4279,444B
S4280,444B
S2578,444B
S4283,444B
S4284,444B
T4259,444B
S4261,445A
S2288,445A
S2289,445A
S4292,445A
S3884,445A
S2133,445A
S4296,445A
T1043,445A
S4300,445B
S4301,445B
S4302,445B
S214,445B
S2096,445B
S2097,445B
S4278,445B
S2311,445B
S2578,445B
S4310,445B
T4259,445B
S4314,446A
S4315,446A
S2288,446A
S4317,446A
S4319,446A
S4320,446A
S4320,446A
S4322,446A
S4323,446A
T75,446A
S2093,446B
S2094,446B
S4329,446B
S4330,446B
S2096,446B
S4333,446B
S4278,446B
S4279,446B
S2578,446B
S4284,446B
T4259,446B
S4346,447A
S4261,447A
S4317,447A
S1164,447A
S4352,447A
S1166,447A
T244,447A
S937,447B
S1001,447B
S4360,447B
S4361,447B
S214,447B
S2097,447B
S4278,447B
S4279,447B
S2578,447B
S4284,447B
T4259,447B
S4373,449A
S4374,449A
S1297,449A
T75,449A
S4378,449B
T132,449B
S4382,452A
S4383,452A
S4384,452A
S4386,452A
S4388,452A
T75,452A
S1238,452B
S4393,452B
S4394,452B
S4395,452B
S4378,452B
S4397,452B
S4398,452B
T132,452B
S4402,454A
T1206,454A
S1613,454B
S4408,454B
S4409,454B
S4410,454B
S4411,454B
S4412,454B
T1442,454B
S4416,455A
S4417,455A
S3649,455A
S4421,455A
S4422,455A
T75,455A
S4427,455B
S4409,455B
S4410,455B
T1442,455B
S4427,455B
S1069,456A
S4437,456A
S4438,456A
S1568,456A
S2220,456A
S1570,456A
S2523,456A
S4446,456A
S4447,456A
S278,456A
S280,456A
S282,456A
T534,456A
S3527,456B
S1584,456B
S1585,456B
S3487,456B
S2547,456B
S4463,456B
S4465,456B
S4466,456B
S4467,456B
S4468,456B
S4469,456B
S4470,456B
S1188,456B
S3986,456B
S3989,456B
S1189,456B
S4478,456B
T1442,456B
S4482,458A
S4483,458A
S206,458A
T113,458A
S4488,458B
S4489,458B
S2199,458B
S1336,458B
S2885,458B
T3443,458B
S4162,463A
S914,463A
S4499,463A
S4501,463A
S927,463A
T916,463A
S4506,463B
S1000,463B
S1153,463B
S937,463B
S4511,463B
S4512,463B
T1146,463B
S4516,467A
S2371,467A
T4518,467A
S1320,467B
T3099,467B
S4525,468A
S4526,468A
S4527,468A
T4528,468A
S4531,468B
T3099,468B
S4101,469A
S4536,469A
T768,469A
S4540,469B
S4541,469B
S4543,469B
S4544,469B
S4545,469B
T3099,469B
T4549,470A
S4552,470B
S4553,470B
S4554,470B
S4545,470B
T3099,470B
S4559,472A
S4560,472A
S4561,472A
S4562,472A
S4564,472A
S4565,472A
T4566,472A
S4569,472B
S1320,472B
S4572,472B
S4573,472B
T4557,472B
S4577,473A
S4578,473A
S4579,473A
S4580,473A
S4581,473A
S4582,473A
T893,473A
S1321,473B
S1320,473B
S4589,473B
T4557,473B
S914,474A
S4596,474A
T4598,474A
S4601,474B
T4557,474B
S914,476A
S928,476A
S993,476A
T994,476A
S999,476B
S1153,476B
S1001,476B
S937,476B
S1003,476B
S4512,476B
T4557,476B
S4625,480A
S4626,480A
S4627,480A
S4628,480A
S4626,480A
S2289,480A
S2296,480A
S2566,480A
S2472,480A
S4635,480A
S981,480A
S1313,480A
S4638,480A
S4639,480A
T54,480A
S4643,480B
S4644,480B
S4645,480B
S4646,480B
T4623,480B
S915,485A
S1164,485A
S2318,485A
T1146,485A
S1001,485B
S1153,485B
S4658,485B
S2468,485B
S4661,485B
S4662,485B
S4663,485B
S4664,485B
S4665,485B
S4666,485B
T2431,485B
S4670,486A
S4671,486A
S4672,486A
S4673,486A
S4674,486A
S4675,486A
S914,486A
T1146,486A
S1153,486B
S2652,486B
S2468,486B
S4683,486B
S4684,486B
S4663,486B
S4686,486B
S4665,486B
S4689,486B
T2431,486B
S2401,488A
S4694,488A
S4696,488A
S1110,488A
S4699,488A
S2136,488A
S4701,488A
S4702,488A
S4703,488A
T1081,488A
S4707,488B
S4708,488B
S2583,488B
S4710,488B
S4711,488B
S4712,488B
S4713,488B
S4714,488B
T4715,488B
S4718,490A
S4719,490A
S4083,490A
S2508,490A
T136,490A
S1023,490B
S4727,490B
S4729,490B
S4731,490B
S4711,490B
S4734,490B
S4735,490B
S4714,490B
S4739,490B
T4715,490B
S4743,492A
S4744,492A
S1992,492A
S4747,492A
S4749,492A
S3171,492A
S146,492A
T4753,492A
S4756,492B
S4758,492B
S1239,492B
S4760,492B
T75,492B
S4764,520A
S914,520A
S4501,520A
S4769,520A
S4771,520A
S4772,520A
S4773,520A
S928,520A
S991,520A
T994,520A
S934,520B
S1000,520B
S1153,520B
S937,520B
S4784,520B
S4573,520B
S4786,520B
S4554,520B
T244,520B
S4792,521A
S885,521A
S4577,521A
S4559,521A
S4797,521A
S4580,521A
S4562,521A
S4564,521A
S890,521A
S891,521A
S4806,521A
T893,521A
S4810,521B
S896,521B
S1322,521B
S4813,521B
S1320,521B
S4815,521B
S4816,521B
S4817,521B
S4554,521B
T244,521B
S4822,522A
S4823,522A
S4824,522A
S4825,522A
S2401,522A
S2403,522A
T2404,522A
S4831,522B
S2437,522B
S2468,522B
S4834,522B
S937,522B
S4554,522B
T244,522B
S4840,523A
S4841,523A
S4842,523A
S4843,523A
S4844,523A
S4845,523A
T4847,523A
S4850,523B
S4851,523B
S4852,523B
S4853,523B
S4855,523B
S4856,523B
S4857,523B
S4858,523B
T244,523B
S4863,524A
S2666,524A
S914,524A
S927,524A
S928,524A
S991,524A
S4869,524A
S4870,524A
S4871,524A
T4872,524A
S4875,524B
S4876,524B
S934,524B
S1000,524B
S1001,524B
S937,524B
T244,524B
S4884,535A
S4870,535A
S4869,535A
S991,535A
S2472,535A
S4635,535A
S1313,535A
S4638,535A
T54,535A
S4895,535B
S2468,535B
S4897,535B
S4898,535B
S1845,535B
S4900,535B
T4715,535B
S4904,536A
S4906,536A
S915,536A
S925,536A
S4911,536A
T1081,536A
S4915,536B
S1000,536B
S4917,536B
S998,536B
S934,536B
S1179,536B
S4922,536B
S4924,536B
T4715,536B
S4929,538A
S4931,538A
S4932,538A
T75,538A
S2583,538B
S2488,538B
S2437,538B
S4900,538B
S4922,538B
S4943,538B
S4944,538B
S4924,538B
S4947,538B
S4948,538B
T4715,538B
S4952,539A
S4953,539A
S4954,539A
S4870,539A
S4956,539A
S4319,539A
S4958,539A
S4960,539A
T1206,539A
S4964,539B
S4965,539B
S4966,539B
S4967,539B
S4968,539B
S4900,539B
S4922,539B
S4944,539B
S4924,539B
S4947,539B
S4948,539B
T4715,539B
S2455,540A
T212,540A
T4977,540B
S2590,542A
S2472,542A
S4988,542A
S2474,542A
S2731,542A
S890,542A
S4993,542A
T894,542A
S4506,542B
S2600,542B
S2437,542B
T4977,542B
S5004,543A
S4190,543A
S904,543A
S5007,543A
S100,543A
S907,543A
S102,543A
T103,543A
S5014,543B
S5016,543B
S5018,543B
S5020,543B
S1768,543B
S5022,543B
S1772,543B
S5025,543B
S5028,544A
S2641,544A
S4675,544A
S4771,544A
T2497,544A
S2488,544B
T4977,544B
S5083,990A
S5084,990A
S3341,990A
S1925,990A
S2370,990A
S5088,990A
S1792,990A
T5090,990A
S4564,994A
S890,994A
T893,994A
S5098,994B
S5099,994B
S5100,994B
S5101,994B
S5102,994B
S4816,994B
T3099,994B
S2452,995A
S5108,995A
S5109,995A
S2401,995A
S4932,995A
S5112,995A
T4715,995A
S4714,995B
S5117,995B
S5118,995B
S4712,995B
S2437,995B
S1153,995B
S5124,995B
S5126,995B
S4573,995B
S4816,995B
S4786,995B
S4554,995B
T244,995B
S5136,996A
S2510,996A
S4085,996A
S5139,996A
S5140,996A
S5141,996A
T1043,996A
S1612,996B
S3657,996B
S5148,996B
S3682,996B
T1601,996B
S5152,997A
S1431,997A
T132,997A
T1325,997B
T1416,997B
S719,998A
S5162,998A
T679,998A
S5166,998B
S4051,998B
S4052,998B
T1503,998B
S5172,999A
S1734,999A
T865,999A
S868,999B
S5178,999B
S877,999B
S880,999B
S881,999B
T0,999B
